<configs>
<append xpath="/entitygroups/entitygroup[@name='EnemyAnimalsDesert']">
<entity name="animalAnaconda" prob="0.08"/>	
</append>
<append xpath="/entitygroups/entitygroup[@name='EnemyAnimalsForest']">
<entity name="animalAnaconda" prob="0.03"/>	
</append>
<append xpath="/entitygroups/entitygroup[@name='EnemyAnimalsPlains']">
<entity name="animalAnaconda" prob="0.03"/>	
</append>
<append xpath="/entitygroups/entitygroup[@name='AnimalsAll']">
<entity name="animalAnaconda" prob="0.03"/>	
</append>
<append xpath="/entitygroups/entitygroup[@name='SnakeGroup']">
<entity name="animalAnaconda" prob="0.09"/>	
</append>	
<append xpath="/entitygroups/entitygroup[@name='ZombiesBurntForest']">
<entity name="animalAnaconda" prob="0.03" />
</append>
<!-- Scout horde stage - screamer spawns -->
<append xpath="/entitygroups/entitygroup[@name='scoutHordeStageGS58']"><entity name="animalAnaconda" prob="0.001"/></append>  
<append xpath="/entitygroups/entitygroup[@name='scoutHordeStageGS64']"><entity name="animalAnaconda" prob="0.002"/></append>   
<append xpath="/entitygroups/entitygroup[@name='scoutHordeStageGS70']"><entity name="animalAnaconda" prob="0.003"/></append>   
<append xpath="/entitygroups/entitygroup[@name='scoutHordeStageGS76']"><entity name="animalAnaconda" prob="0.004"/></append>   
<append xpath="/entitygroups/entitygroup[@name='scoutHordeStageGS82']"><entity name="animalAnaconda" prob="0.005"/></append>   
<append xpath="/entitygroups/entitygroup[@name='scoutHordeStageGS89']"><entity name="animalAnaconda" prob="0.006"/></append>   
<append xpath="/entitygroups/entitygroup[@name='scoutHordeStageGS96']"><entity name="animalAnaconda" prob="0.007"/></append>   
<append xpath="/entitygroups/entitygroup[@name='scoutHordeStageGS103']"><entity name="animalAnaconda" prob="0.008"/></append>  
<append xpath="/entitygroups/entitygroup[@name='scoutHordeStageGS110']"><entity name="animalAnaconda" prob="0.009"/></append>
<append xpath="/entitygroups/entitygroup[@name='scoutHordeStageGS117']"><entity name="animalAnaconda" prob="0.010"/></append>  
<append xpath="/entitygroups/entitygroup[@name='scoutHordeStageGS140']"><entity name="animalAnaconda" prob="0.011"/></append>  
<append xpath="/entitygroups/entitygroup[@name='scoutHordeStageGS148']"><entity name="animalAnaconda" prob="0.012"/></append>  
<append xpath="/entitygroups/entitygroup[@name='scoutHordeStageGS156']"><entity name="animalAnaconda" prob="0.013"/></append>  
<append xpath="/entitygroups/entitygroup[@name='scoutHordeStageGS164']"><entity name="animalAnaconda" prob="0.014"/></append>  
<append xpath="/entitygroups/entitygroup[@name='scoutHordeStageGS172']"><entity name="animalAnaconda" prob="0.015"/></append>  
<append xpath="/entitygroups/entitygroup[@name='scoutHordeStageGS181']"><entity name="animalAnaconda" prob="0.016"/></append>  
<append xpath="/entitygroups/entitygroup[@name='scoutHordeStageGS189']"><entity name="animalAnaconda" prob="0.017"/></append>
<append xpath="/entitygroups/entitygroup[@name='scoutHordeStageGS198']"><entity name="animalAnaconda" prob="0.018"/></append>  
<append xpath="/entitygroups/entitygroup[@name='scoutHordeStageGS207']"><entity name="animalAnaconda" prob="0.019"/></append>  
<append xpath="/entitygroups/entitygroup[@name='scoutHordeStageGS216']"><entity name="animalAnaconda" prob="0.020"/></append>  
<append xpath="/entitygroups/entitygroup[@name='scoutHordeStageGS225']"><entity name="animalAnaconda" prob="0.021"/></append>  
<append xpath="/entitygroups/entitygroup[@name='scoutHordeStageGS234']"><entity name="animalAnaconda" prob="0.022"/></append>  
<append xpath="/entitygroups/entitygroup[@name='scoutHordeStageGS243']"><entity name="animalAnaconda" prob="0.023"/></append>  
<append xpath="/entitygroups/entitygroup[@name='scoutHordeStageGS252']"><entity name="animalAnaconda" prob="0.024"/></append>  
<append xpath="/entitygroups/entitygroup[@name='scoutHordeStageGS262']"><entity name="animalAnaconda" prob="0.025"/></append>
<append xpath="/entitygroups/entitygroup[@name='scoutHordeStageGS272']"><entity name="animalAnaconda" prob="0.026"/></append>  
<append xpath="/entitygroups/entitygroup[@name='scoutHordeStageGS281']"><entity name="animalAnaconda" prob="0.027"/></append>  
<append xpath="/entitygroups/entitygroup[@name='scoutHordeStageGS291']"><entity name="animalAnaconda" prob="0.028"/></append>  
<append xpath="/entitygroups/entitygroup[@name='scoutHordeStageGS301']"><entity name="animalAnaconda" prob="0.029"/></append>  
<append xpath="/entitygroups/entitygroup[@name='scoutHordeStageGS311']"><entity name="animalAnaconda" prob="0.030"/></append>  
<append xpath="/entitygroups/entitygroup[@name='scoutHordeStageGS322']"><entity name="animalAnaconda" prob="0.031"/></append>  
<append xpath="/entitygroups/entitygroup[@name='scoutHordeStageGS332']"><entity name="animalAnaconda" prob="0.032"/></append>  
<append xpath="/entitygroups/entitygroup[@name='scoutHordeStageGS343']"><entity name="animalAnaconda" prob="0.033"/></append>
<append xpath="/entitygroups/entitygroup[@name='scoutHordeStageGS353']"><entity name="animalAnaconda" prob="0.034"/></append>  
<append xpath="/entitygroups/entitygroup[@name='scoutHordeStageGS364']"><entity name="animalAnaconda" prob="0.035"/></append>  
<append xpath="/entitygroups/entitygroup[@name='scoutHordeStageGS374']"><entity name="animalAnaconda" prob="0.036"/></append>  
<append xpath="/entitygroups/entitygroup[@name='scoutHordeStageGS385']"><entity name="animalAnaconda" prob="0.037"/></append>  
<append xpath="/entitygroups/entitygroup[@name='scoutHordeStageGS396']"><entity name="animalAnaconda" prob="0.038"/></append>  
<append xpath="/entitygroups/entitygroup[@name='scoutHordeStageGS407']"><entity name="animalAnaconda" prob="0.039"/></append>  
<append xpath="/entitygroups/entitygroup[@name='scoutHordeStageGS419']"><entity name="animalAnaconda" prob="0.040"/></append>  
<append xpath="/entitygroups/entitygroup[@name='scoutHordeStageGS430']"><entity name="animalAnaconda" prob="0.041"/></append>
<append xpath="/entitygroups/entitygroup[@name='scoutHordeStageGS441']"><entity name="animalAnaconda" prob="0.042"/></append>  
<append xpath="/entitygroups/entitygroup[@name='scoutHordeStageGS453']"><entity name="animalAnaconda" prob="0.043"/></append>  
<append xpath="/entitygroups/entitygroup[@name='scoutHordeStageGS464']"><entity name="animalAnaconda" prob="0.044"/></append>  
<append xpath="/entitygroups/entitygroup[@name='scoutHordeStageGS476']"><entity name="animalAnaconda" prob="0.045"/></append>  
<append xpath="/entitygroups/entitygroup[@name='scoutHordeStageGS488']"><entity name="animalAnaconda" prob="0.046"/></append>  
<append xpath="/entitygroups/entitygroup[@name='scoutHordeStageGS500']"><entity name="animalAnaconda" prob="0.047"/></append>  
<append xpath="/entitygroups/entitygroup[@name='scoutHordeStageGS512']"><entity name="animalAnaconda" prob="0.048"/></append>  
<append xpath="/entitygroups/entitygroup[@name='scoutHordeStageGS524']"><entity name="animalAnaconda" prob="0.049"/></append>
<append xpath="/entitygroups/entitygroup[@name='scoutHordeStageGS536']"><entity name="animalAnaconda" prob="0.050"/></append>  
<append xpath="/entitygroups/entitygroup[@name='scoutHordeStageGS548']"><entity name="animalAnaconda" prob="0.051"/></append>  
<append xpath="/entitygroups/entitygroup[@name='scoutHordeStageGS560']"><entity name="animalAnaconda" prob="0.052"/></append>  
<append xpath="/entitygroups/entitygroup[@name='scoutHordeStageGS573']"><entity name="animalAnaconda" prob="0.053"/></append>  
<append xpath="/entitygroups/entitygroup[@name='scoutHordeStageGS585']"><entity name="animalAnaconda" prob="0.054"/></append>  
<append xpath="/entitygroups/entitygroup[@name='scoutHordeStageGS598']"><entity name="animalAnaconda" prob="0.055"/></append>  
<append xpath="/entitygroups/entitygroup[@name='scoutHordeStageGS610']"><entity name="animalAnaconda" prob="0.056"/></append>  
<append xpath="/entitygroups/entitygroup[@name='scoutHordeStageGS623']"><entity name="animalAnaconda" prob="0.057"/></append>
<append xpath="/entitygroups/entitygroup[@name='scoutHordeStageGS636']"><entity name="animalAnaconda" prob="0.058"/></append>  
<append xpath="/entitygroups/entitygroup[@name='scoutHordeStageGS649']"><entity name="animalAnaconda" prob="0.059"/></append>  
<append xpath="/entitygroups/entitygroup[@name='scoutHordeStageGS662']"><entity name="animalAnaconda" prob="0.060"/></append>  
<append xpath="/entitygroups/entitygroup[@name='scoutHordeStageGS675']"><entity name="animalAnaconda" prob="0.061"/></append>  
<append xpath="/entitygroups/entitygroup[@name='scoutHordeStageGS688']"><entity name="animalAnaconda" prob="0.062"/></append>  
<append xpath="/entitygroups/entitygroup[@name='scoutHordeStageGS702']"><entity name="animalAnaconda" prob="0.063"/></append>  
<append xpath="/entitygroups/entitygroup[@name='scoutHordeStageGS715']"><entity name="animalAnaconda" prob="0.064"/></append>  
<append xpath="/entitygroups/entitygroup[@name='scoutHordeStageGS729']"><entity name="animalAnaconda" prob="0.065"/></append>
<append xpath="/entitygroups/entitygroup[@name='scoutHordeStageGS742']"><entity name="animalAnaconda" prob="0.066"/></append>  
<append xpath="/entitygroups/entitygroup[@name='scoutHordeStageGS756']"><entity name="animalAnaconda" prob="0.067"/></append>  
<append xpath="/entitygroups/entitygroup[@name='scoutHordeStageGS769']"><entity name="animalAnaconda" prob="0.068"/></append>  
<append xpath="/entitygroups/entitygroup[@name='scoutHordeStageGS783']"><entity name="animalAnaconda" prob="0.069"/></append>  
<append xpath="/entitygroups/entitygroup[@name='scoutHordeStageGS797']"><entity name="animalAnaconda" prob="0.070"/></append>  
<append xpath="/entitygroups/entitygroup[@name='scoutHordeStageGS811']"><entity name="animalAnaconda" prob="0.071"/></append>  
<append xpath="/entitygroups/entitygroup[@name='scoutHordeStageGS825']"><entity name="animalAnaconda" prob="0.072"/></append>  
<append xpath="/entitygroups/entitygroup[@name='scoutHordeStageGS839']"><entity name="animalAnaconda" prob="0.073"/></append>
<append xpath="/entitygroups/entitygroup[@name='scoutHordeStageGS853']"><entity name="animalAnaconda" prob="0.074"/></append>  
<append xpath="/entitygroups/entitygroup[@name='scoutHordeStageGS868']"><entity name="animalAnaconda" prob="0.075"/></append>  
<append xpath="/entitygroups/entitygroup[@name='scoutHordeStageGS882']"><entity name="animalAnaconda" prob="0.076"/></append>  
<append xpath="/entitygroups/entitygroup[@name='scoutHordeStageGS896']"><entity name="animalAnaconda" prob="0.077"/></append>  
<append xpath="/entitygroups/entitygroup[@name='scoutHordeStageGS911']"><entity name="animalAnaconda" prob="0.078"/></append>  
<append xpath="/entitygroups/entitygroup[@name='scoutHordeStageGS925']"><entity name="animalAnaconda" prob="0.079"/></append>  
<append xpath="/entitygroups/entitygroup[@name='scoutHordeStageGS940']"><entity name="animalAnaconda" prob="0.080"/></append>  
<append xpath="/entitygroups/entitygroup[@name='scoutHordeStageGS955']"><entity name="animalAnaconda" prob="0.081"/></append>
<append xpath="/entitygroups/entitygroup[@name='scoutHordeStageGS970']"><entity name="animalAnaconda" prob="0.082"/></append>  
<append xpath="/entitygroups/entitygroup[@name='scoutHordeStageGS985']"><entity name="animalAnaconda" prob="0.083"/></append>  
<append xpath="/entitygroups/entitygroup[@name='scoutHordeStageGS1000']"><entity name="animalAnaconda" prob="0.084"/></append> 
<append xpath="/entitygroups/entitygroup[@name='scoutHordeStageGS1015']"><entity name="animalAnaconda" prob="0.085"/></append> 
<append xpath="/entitygroups/entitygroup[@name='scoutHordeStageGS1030']"><entity name="animalAnaconda" prob="0.086"/></append> 
<append xpath="/entitygroups/entitygroup[@name='scoutHordeStageGS1045']"><entity name="animalAnaconda" prob="0.087"/></append> 
<append xpath="/entitygroups/entitygroup[@name='scoutHordeStageGS1060']"><entity name="animalAnaconda" prob="0.088"/></append> 
<append xpath="/entitygroups/entitygroup[@name='scoutHordeStageGS1075']"><entity name="animalAnaconda" prob="0.089"/></append> 
<append xpath="/entitygroups/entitygroup[@name='scoutHordeStageGS1091']"><entity name="animalAnaconda" prob="0.090"/></append> 
<append xpath="/entitygroups/entitygroup[@name='scoutHordeStageGS1106']"><entity name="animalAnaconda" prob="0.091"/></append> 
<append xpath="/entitygroups/entitygroup[@name='scoutHordeStageGS1122']"><entity name="animalAnaconda" prob="0.092"/></append> 
<append xpath="/entitygroups/entitygroup[@name='scoutHordeStageGS1137']"><entity name="animalAnaconda" prob="0.093"/></append> 
<append xpath="/entitygroups/entitygroup[@name='scoutHordeStageGS1153']"><entity name="animalAnaconda" prob="0.094"/></append> 
<append xpath="/entitygroups/entitygroup[@name='scoutHordeStageGS1169']"><entity name="animalAnaconda" prob="0.095"/></append> 
<append xpath="/entitygroups/entitygroup[@name='scoutHordeStageGS1185']"><entity name="animalAnaconda" prob="0.096"/></append> 
<append xpath="/entitygroups/entitygroup[@name='scoutHordeStageGS1201']"><entity name="animalAnaconda" prob="0.097"/></append>
<append xpath="/entitygroups/entitygroup[@name='scoutHordeStageGS1217']"><entity name="animalAnaconda" prob="0.098"/></append> 
<append xpath="/entitygroups/entitygroup[@name='scoutHordeStageGS1233']"><entity name="animalAnaconda" prob="0.099"/></append> 
<append xpath="/entitygroups/entitygroup[@name='scoutHordeStageGS1249']"><entity name="animalAnaconda" prob="0.100"/></append> 
<append xpath="/entitygroups/entitygroup[@name='scoutHordeStageGS1265']"><entity name="animalAnaconda" prob="0.101"/></append> 
<append xpath="/entitygroups/entitygroup[@name='scoutHordeStageGS1281']"><entity name="animalAnaconda" prob="0.102"/></append> 
<append xpath="/entitygroups/entitygroup[@name='scoutHordeStageGS1298']"><entity name="animalAnaconda" prob="0.103"/></append> 
<append xpath="/entitygroups/entitygroup[@name='scoutHordeStageGS1314']"><entity name="animalAnaconda" prob="0.104"/></append> 
<append xpath="/entitygroups/entitygroup[@name='scoutHordeStageGS1331']"><entity name="animalAnaconda" prob="0.105"/></append>
<append xpath="/entitygroups/entitygroup[@name='scoutHordeStageGS1347']"><entity name="animalAnaconda" prob="0.106"/></append> 
<append xpath="/entitygroups/entitygroup[@name='scoutHordeStageGS1364']"><entity name="animalAnaconda" prob="0.107"/></append> 
<append xpath="/entitygroups/entitygroup[@name='scoutHordeStageGS1380']"><entity name="animalAnaconda" prob="0.108"/></append> 
<append xpath="/entitygroups/entitygroup[@name='scoutHordeStageGS1397']"><entity name="animalAnaconda" prob="0.109"/></append> 
<append xpath="/entitygroups/entitygroup[@name='scoutHordeStageGS1414']"><entity name="animalAnaconda" prob="0.110"/></append> 
<append xpath="/entitygroups/entitygroup[@name='scoutHordeStageGS1431']"><entity name="animalAnaconda" prob="0.111"/></append> 
<append xpath="/entitygroups/entitygroup[@name='scoutHordeStageGS1448']"><entity name="animalAnaconda" prob="0.112"/></append> 
<append xpath="/entitygroups/entitygroup[@name='scoutHordeStageGS1465']"><entity name="animalAnaconda" prob="0.113"/></append>
<append xpath="/entitygroups/entitygroup[@name='scoutHordeStageGS1482']"><entity name="animalAnaconda" prob="0.114"/></append> 
<append xpath="/entitygroups/entitygroup[@name='scoutHordeStageGS1499']"><entity name="animalAnaconda" prob="0.115"/></append> 
<append xpath="/entitygroups/entitygroup[@name='scoutHordeStageGS1516']"><entity name="animalAnaconda" prob="0.116"/></append> 
<append xpath="/entitygroups/entitygroup[@name='scoutHordeStageGS1533']"><entity name="animalAnaconda" prob="0.117"/></append> 
<append xpath="/entitygroups/entitygroup[@name='scoutHordeStageGS1551']"><entity name="animalAnaconda" prob="0.118"/></append> 
<append xpath="/entitygroups/entitygroup[@name='scoutHordeStageGS1568']"><entity name="animalAnaconda" prob="0.119"/></append> 
<append xpath="/entitygroups/entitygroup[@name='scoutHordeStageGS1586']"><entity name="animalAnaconda" prob="0.120"/></append> 
<append xpath="/entitygroups/entitygroup[@name='scoutHordeStageGS1603']"><entity name="animalAnaconda" prob="0.121"/></append>
<append xpath="/entitygroups/entitygroup[@name='scoutHordeStageGS1621']"><entity name="animalAnaconda" prob="0.122"/></append> 
<append xpath="/entitygroups/entitygroup[@name='scoutHordeStageGS1638']"><entity name="animalAnaconda" prob="0.123"/></append>
<append xpath="/entitygroups/entitygroup[@name='scoutHordeStageGS1656']"><entity name="animalAnaconda" prob="0.124"/></append>
<append xpath="/entitygroups/entitygroup[@name='scoutHordeStageGS1674']"><entity name="animalAnaconda" prob="0.125"/></append>
<append xpath="/entitygroups/entitygroup[@name='scoutHordeStageGS1692']"><entity name="animalAnaconda" prob="0.126"/></append>
<append xpath="/entitygroups/entitygroup[@name='scoutHordeStageGS1710']"><entity name="animalAnaconda" prob="0.127"/></append>
<append xpath="/entitygroups/entitygroup[@name='scoutHordeStageGS1728']"><entity name="animalAnaconda" prob="0.128"/></append>
<append xpath="/entitygroups/entitygroup[@name='scoutHordeStageGS1746']"><entity name="animalAnaconda" prob="0.129"/></append>
<append xpath="/entitygroups/entitygroup[@name='scoutHordeStageGS1764']"><entity name="animalAnaconda" prob="0.130"/></append>
<append xpath="/entitygroups/entitygroup[@name='scoutHordeStageGS1782']"><entity name="animalAnaconda" prob="0.131"/></append>
<append xpath="/entitygroups/entitygroup[@name='scoutHordeStageGS1800']"><entity name="animalAnaconda" prob="0.132"/></append>
<append xpath="/entitygroups/entitygroup[@name='scoutHordeStageGS1818']"><entity name="animalAnaconda" prob="0.133"/></append>
<append xpath="/entitygroups/entitygroup[@name='scoutHordeStageGS1837']"><entity name="animalAnaconda" prob="0.134"/></append>
<append xpath="/entitygroups/entitygroup[@name='scoutHordeStageGS1855']"><entity name="animalAnaconda" prob="0.135"/></append>
<append xpath="/entitygroups/entitygroup[@name='scoutHordeStageGS1873']"><entity name="animalAnaconda" prob="0.136"/></append>
<append xpath="/entitygroups/entitygroup[@name='scoutHordeStageGS1892']"><entity name="animalAnaconda" prob="0.137"/></append>
<append xpath="/entitygroups/entitygroup[@name='scoutHordeStageGS1911']"><entity name="animalAnaconda" prob="0.138"/></append> 
<append xpath="/entitygroups/entitygroup[@name='scoutHordeStageGS1929']"><entity name="animalAnaconda" prob="0.139"/></append> 
<append xpath="/entitygroups/entitygroup[@name='scoutHordeStageGS1948']"><entity name="animalAnaconda" prob="0.140"/></append> 
<append xpath="/entitygroups/entitygroup[@name='scoutHordeStageGS1967']"><entity name="animalAnaconda" prob="0.141"/></append> 
<append xpath="/entitygroups/entitygroup[@name='scoutHordeStageGS1986']"><entity name="animalAnaconda" prob="0.142"/></append> 
<append xpath="/entitygroups/entitygroup[@name='scoutHordeStageGS2004']"><entity name="animalAnaconda" prob="0.143"/></append> 
<append xpath="/entitygroups/entitygroup[@name='scoutHordeStageGS2023']"><entity name="animalAnaconda" prob="0.144"/></append> 
<append xpath="/entitygroups/entitygroup[@name='scoutHordeStageGS2042']"><entity name="animalAnaconda" prob="0.145"/></append>
<append xpath="/entitygroups/entitygroup[@name='scoutHordeStageGS2061']"><entity name="animalAnaconda" prob="0.146"/></append> 
<append xpath="/entitygroups/entitygroup[@name='scoutHordeStageGS2081']"><entity name="animalAnaconda" prob="0.147"/></append> 
<append xpath="/entitygroups/entitygroup[@name='scoutHordeStageGS2100']"><entity name="animalAnaconda" prob="0.148"/></append> 
<append xpath="/entitygroups/entitygroup[@name='scoutHordeStageGS2119']"><entity name="animalAnaconda" prob="0.149"/></append> 
<append xpath="/entitygroups/entitygroup[@name='scoutHordeStageGS2138']"><entity name="animalAnaconda" prob="0.150"/></append> 
<append xpath="/entitygroups/entitygroup[@name='scoutHordeStageGS2158']"><entity name="animalAnaconda" prob="0.151"/></append> 
<append xpath="/entitygroups/entitygroup[@name='scoutHordeStageGS2177']"><entity name="animalAnaconda" prob="0.152"/></append> 
<append xpath="/entitygroups/entitygroup[@name='scoutHordeStageGS2197']"><entity name="animalAnaconda" prob="0.153"/></append>
<append xpath="/entitygroups/entitygroup[@name='scoutHordeStageGS2216']"><entity name="animalAnaconda" prob="0.154"/></append>
<append xpath="/entitygroups/entitygroup[@name='scoutHordeStageGS2236']"><entity name="animalAnaconda" prob="0.155"/></append>
<append xpath="/entitygroups/entitygroup[@name='scoutHordeStageGS2255']"><entity name="animalAnaconda" prob="0.156"/></append>
<append xpath="/entitygroups/entitygroup[@name='scoutHordeStageGS2275']"><entity name="animalAnaconda" prob="0.157"/></append>
<append xpath="/entitygroups/entitygroup[@name='scoutHordeStageGS2295']"><entity name="animalAnaconda" prob="0.158"/></append>
<append xpath="/entitygroups/entitygroup[@name='scoutHordeStageGS2315']"><entity name="animalAnaconda" prob="0.159"/></append>
<append xpath="/entitygroups/entitygroup[@name='scoutHordeStageGS2334']"><entity name="animalAnaconda" prob="0.160"/></append>
<append xpath="/entitygroups/entitygroup[@name='scoutHordeStageGS2354']"><entity name="animalAnaconda" prob="0.161"/></append>
<append xpath="/entitygroups/entitygroup[@name='scoutHordeStageGS2374']"><entity name="animalAnaconda" prob="0.162"/></append>
<append xpath="/entitygroups/entitygroup[@name='scoutHordeStageGS2394']"><entity name="animalAnaconda" prob="0.163"/></append>
<append xpath="/entitygroups/entitygroup[@name='scoutHordeStageGS2414']"><entity name="animalAnaconda" prob="0.164"/></append>
<append xpath="/entitygroups/entitygroup[@name='scoutHordeStageGS2435']"><entity name="animalAnaconda" prob="0.165"/></append>
<append xpath="/entitygroups/entitygroup[@name='scoutHordeStageGS2455']"><entity name="animalAnaconda" prob="0.166"/></append>
<append xpath="/entitygroups/entitygroup[@name='scoutHordeStageGS2475']"><entity name="animalAnaconda" prob="0.167"/></append>
<append xpath="/entitygroups/entitygroup[@name='scoutHordeStageGS2495']"><entity name="animalAnaconda" prob="0.168"/></append>
<append xpath="/entitygroups/entitygroup[@name='scoutHordeStageGS2516']"><entity name="animalAnaconda" prob="0.169"/></append>
<append xpath="/entitygroups/entitygroup[@name='scoutHordeStageGS2536']"><entity name="animalAnaconda" prob="0.170"/></append>
<append xpath="/entitygroups/entitygroup[@name='scoutHordeStageGS2557']"><entity name="animalAnaconda" prob="0.171"/></append>
<append xpath="/entitygroups/entitygroup[@name='scoutHordeStageGS2577']"><entity name="animalAnaconda" prob="0.172"/></append>
<append xpath="/entitygroups/entitygroup[@name='scoutHordeStageGS2598']"><entity name="animalAnaconda" prob="0.173"/></append>
<append xpath="/entitygroups/entitygroup[@name='scoutHordeStageGS2618']"><entity name="animalAnaconda" prob="0.174"/></append>
<append xpath="/entitygroups/entitygroup[@name='scoutHordeStageGS2639']"><entity name="animalAnaconda" prob="0.175"/></append>
<append xpath="/entitygroups/entitygroup[@name='scoutHordeStageGS2660']"><entity name="animalAnaconda" prob="0.176"/></append>
<append xpath="/entitygroups/entitygroup[@name='scoutHordeStageGS2681']"><entity name="animalAnaconda" prob="0.177"/></append>
<append xpath="/entitygroups/entitygroup[@name='scoutHordeStageGS2702']"><entity name="animalAnaconda" prob="0.178"/></append>
<append xpath="/entitygroups/entitygroup[@name='scoutHordeStageGS2723']"><entity name="animalAnaconda" prob="0.179"/></append>
<append xpath="/entitygroups/entitygroup[@name='scoutHordeStageGS2744']"><entity name="animalAnaconda" prob="0.180"/></append>
<append xpath="/entitygroups/entitygroup[@name='scoutHordeStageGS2765']"><entity name="animalAnaconda" prob="0.181"/></append>
<append xpath="/entitygroups/entitygroup[@name='scoutHordeStageGS2786']"><entity name="animalAnaconda" prob="0.182"/></append>
<append xpath="/entitygroups/entitygroup[@name='scoutHordeStageGS2807']"><entity name="animalAnaconda" prob="0.183"/></append>
<append xpath="/entitygroups/entitygroup[@name='scoutHordeStageGS2828']"><entity name="animalAnaconda" prob="0.184"/></append>
<append xpath="/entitygroups/entitygroup[@name='scoutHordeStageGS2849']"><entity name="animalAnaconda" prob="0.185"/></append>
<append xpath="/entitygroups/entitygroup[@name='scoutHordeStageGS2870']"><entity name="animalAnaconda" prob="0.186"/></append>
<append xpath="/entitygroups/entitygroup[@name='scoutHordeStageGS2892']"><entity name="animalAnaconda" prob="0.187"/></append>
<append xpath="/entitygroups/entitygroup[@name='scoutHordeStageGS2913']"><entity name="animalAnaconda" prob="0.188"/></append>
<append xpath="/entitygroups/entitygroup[@name='scoutHordeStageGS2935']"><entity name="animalAnaconda" prob="0.189"/></append>
<append xpath="/entitygroups/entitygroup[@name='scoutHordeStageGS2956']"><entity name="animalAnaconda" prob="0.190"/></append>
<append xpath="/entitygroups/entitygroup[@name='scoutHordeStageGS2978']"><entity name="animalAnaconda" prob="0.191"/></append>
<append xpath="/entitygroups/entitygroup[@name='scoutHordeStageGS2999']"><entity name="animalAnaconda" prob="0.192"/></append>
<append xpath="/entitygroups/entitygroup[@name='scoutHordeStageGS3021']"><entity name="animalAnaconda" prob="0.193"/></append>
<append xpath="/entitygroups/entitygroup[@name='scoutHordeStageGS3043']"><entity name="animalAnaconda" prob="0.194"/></append>
<append xpath="/entitygroups/entitygroup[@name='scoutHordeStageGS3064']"><entity name="animalAnaconda" prob="0.195"/></append>
<append xpath="/entitygroups/entitygroup[@name='scoutHordeStageGS3086']"><entity name="animalAnaconda" prob="0.196"/></append>
<append xpath="/entitygroups/entitygroup[@name='scoutHordeStageGS3108']"><entity name="animalAnaconda" prob="0.197"/></append>
<append xpath="/entitygroups/entitygroup[@name='scoutHordeStageGS3130']"><entity name="animalAnaconda" prob="0.198"/></append>
<append xpath="/entitygroups/entitygroup[@name='scoutHordeStageGS3152']"><entity name="animalAnaconda" prob="0.199"/></append>
<append xpath="/entitygroups/entitygroup[@name='scoutHordeStageGS3174']"><entity name="animalAnaconda" prob="0.200"/></append>
<append xpath="/entitygroups/entitygroup[@name='scoutHordeStageGS3196']"><entity name="animalAnaconda" prob="0.201"/></append>
<append xpath="/entitygroups/entitygroup[@name='scoutHordeStageGS3218']"><entity name="animalAnaconda" prob="0.202"/></append>
<append xpath="/entitygroups/entitygroup[@name='scoutHordeStageGS3240']"><entity name="animalAnaconda" prob="0.203"/></append>
<append xpath="/entitygroups/entitygroup[@name='scoutHordeStageGS3263']"><entity name="animalAnaconda" prob="0.204"/></append>
<append xpath="/entitygroups/entitygroup[@name='scoutHordeStageGS3285']"><entity name="animalAnaconda" prob="0.205"/></append>
<append xpath="/entitygroups/entitygroup[@name='scoutHordeStageGS3307']"><entity name="animalAnaconda" prob="0.206"/></append>
<append xpath="/entitygroups/entitygroup[@name='scoutHordeStageGS3330']"><entity name="animalAnaconda" prob="0.207"/></append>
<append xpath="/entitygroups/entitygroup[@name='scoutHordeStageGS3352']"><entity name="animalAnaconda" prob="0.208"/></append>
<append xpath="/entitygroups/entitygroup[@name='scoutHordeStageGS3375']"><entity name="animalAnaconda" prob="0.209"/></append>
<append xpath="/entitygroups/entitygroup[@name='scoutHordeStageGS3397']"><entity name="animalAnaconda" prob="0.210"/></append>
<append xpath="/entitygroups/entitygroup[@name='scoutHordeStageGS3420']"><entity name="animalAnaconda" prob="0.211"/></append>
<append xpath="/entitygroups/entitygroup[@name='scoutHordeStageGS3442']"><entity name="animalAnaconda" prob="0.212"/></append>
<append xpath="/entitygroups/entitygroup[@name='scoutHordeStageGS3465']"><entity name="animalAnaconda" prob="0.213"/></append>
<append xpath="/entitygroups/entitygroup[@name='scoutHordeStageGS3488']"><entity name="animalAnaconda" prob="0.214"/></append>
<append xpath="/entitygroups/entitygroup[@name='scoutHordeStageGS3510']"><entity name="animalAnaconda" prob="0.215"/></append>
<append xpath="/entitygroups/entitygroup[@name='scoutHordeStageGS3533']"><entity name="animalAnaconda" prob="0.216"/></append>
<append xpath="/entitygroups/entitygroup[@name='scoutHordeStageGS3556']"><entity name="animalAnaconda" prob="0.217"/></append>
<append xpath="/entitygroups/entitygroup[@name='scoutHordeStageGS3579']"><entity name="animalAnaconda" prob="0.218"/></append>
<append xpath="/entitygroups/entitygroup[@name='scoutHordeStageGS3602']"><entity name="animalAnaconda" prob="0.219"/></append>
<append xpath="/entitygroups/entitygroup[@name='scoutHordeStageGS3625']"><entity name="animalAnaconda" prob="0.220"/></append>
<append xpath="/entitygroups/entitygroup[@name='scoutHordeStageGS3648']"><entity name="animalAnaconda" prob="0.221"/></append>
<append xpath="/entitygroups/entitygroup[@name='scoutHordeStageGS3671']"><entity name="animalAnaconda" prob="0.222"/></append>
<append xpath="/entitygroups/entitygroup[@name='scoutHordeStageGS3694']"><entity name="animalAnaconda" prob="0.223"/></append>
<append xpath="/entitygroups/entitygroup[@name='scoutHordeStageGS3718']"><entity name="animalAnaconda" prob="0.224"/></append>
<append xpath="/entitygroups/entitygroup[@name='scoutHordeStageGS3741']"><entity name="animalAnaconda" prob="0.225"/></append>
<append xpath="/entitygroups/entitygroup[@name='scoutHordeStageGS3764']"><entity name="animalAnaconda" prob="0.226"/></append>
<append xpath="/entitygroups/entitygroup[@name='scoutHordeStageGS3787']"><entity name="animalAnaconda" prob="0.227"/></append>
<append xpath="/entitygroups/entitygroup[@name='scoutHordeStageGS3811']"><entity name="animalAnaconda" prob="0.228"/></append>
<append xpath="/entitygroups/entitygroup[@name='scoutHordeStageGS3834']"><entity name="animalAnaconda" prob="0.229"/></append>
<append xpath="/entitygroups/entitygroup[@name='scoutHordeStageGS3858']"><entity name="animalAnaconda" prob="0.230"/></append>
<append xpath="/entitygroups/entitygroup[@name='scoutHordeStageGS3881']"><entity name="animalAnaconda" prob="0.231"/></append>
<append xpath="/entitygroups/entitygroup[@name='scoutHordeStageGS3905']"><entity name="animalAnaconda" prob="0.232"/></append>
<append xpath="/entitygroups/entitygroup[@name='scoutHordeStageGS3929']"><entity name="animalAnaconda" prob="0.233"/></append>
<append xpath="/entitygroups/entitygroup[@name='scoutHordeStageGS3952']"><entity name="animalAnaconda" prob="0.234"/></append>
<append xpath="/entitygroups/entitygroup[@name='scoutHordeStageGS3976']"><entity name="animalAnaconda" prob="0.235"/></append>
<append xpath="/entitygroups/entitygroup[@name='scoutHordeStageGS4000']"><entity name="animalAnaconda" prob="0.236"/></append>
<append xpath="/entitygroups/entitygroup[@name='scoutHordeStageGS4024']"><entity name="animalAnaconda" prob="0.237"/></append>
<append xpath="/entitygroups/entitygroup[@name='scoutHordeStageGS4048']"><entity name="animalAnaconda" prob="0.238"/></append>
<append xpath="/entitygroups/entitygroup[@name='scoutHordeStageGS4072']"><entity name="animalAnaconda" prob="0.239"/></append>
<append xpath="/entitygroups/entitygroup[@name='scoutHordeStageGS4096']"><entity name="animalAnaconda" prob="0.240"/></append>
<append xpath="/entitygroups/entitygroup[@name='scoutHordeStageGS4120']"><entity name="animalAnaconda" prob="0.241"/></append>
<append xpath="/entitygroups/entitygroup[@name='scoutHordeStageGS4144']"><entity name="animalAnaconda" prob="0.242"/></append>
<append xpath="/entitygroups/entitygroup[@name='scoutHordeStageGS4168']"><entity name="animalAnaconda" prob="0.243"/></append>
<append xpath="/entitygroups/entitygroup[@name='scoutHordeStageGS4192']"><entity name="animalAnaconda" prob="0.244"/></append>
<append xpath="/entitygroups/entitygroup[@name='scoutHordeStageGS4216']"><entity name="animalAnaconda" prob="0.245"/></append>
<append xpath="/entitygroups/entitygroup[@name='scoutHordeStageGS4240']"><entity name="animalAnaconda" prob="0.246"/></append>
<append xpath="/entitygroups/entitygroup[@name='scoutHordeStageGS4265']"><entity name="animalAnaconda" prob="0.247"/></append>
<append xpath="/entitygroups/entitygroup[@name='scoutHordeStageGS4289']"><entity name="animalAnaconda" prob="0.248"/></append>
<append xpath="/entitygroups/entitygroup[@name='scoutHordeStageGS4313']"><entity name="animalAnaconda" prob="0.249"/></append>
<append xpath="/entitygroups/entitygroup[@name='scoutHordeStageGS4338']"><entity name="animalAnaconda" prob="0.250"/></append>
<append xpath="/entitygroups/entitygroup[@name='scoutHordeStageGS4362']"><entity name="animalAnaconda" prob="0.251"/></append>
<append xpath="/entitygroups/entitygroup[@name='scoutHordeStageGS4387']"><entity name="animalAnaconda" prob="0.252"/></append>
<append xpath="/entitygroups/entitygroup[@name='scoutHordeStageGS4411']"><entity name="animalAnaconda" prob="0.253"/></append>
<append xpath="/entitygroups/entitygroup[@name='scoutHordeStageGS4436']"><entity name="animalAnaconda" prob="0.254"/></append>
<append xpath="/entitygroups/entitygroup[@name='scoutHordeStageGS4461']"><entity name="animalAnaconda" prob="0.255"/></append>
<append xpath="/entitygroups/entitygroup[@name='scoutHordeStageGS4485']"><entity name="animalAnaconda" prob="0.256"/></append>
<append xpath="/entitygroups/entitygroup[@name='scoutHordeStageGS4510']"><entity name="animalAnaconda" prob="0.257"/></append>
<append xpath="/entitygroups/entitygroup[@name='scoutHordeStageGS4535']"><entity name="animalAnaconda" prob="0.258"/></append>
<append xpath="/entitygroups/entitygroup[@name='scoutHordeStageGS4560']"><entity name="animalAnaconda" prob="0.259"/></append>
<append xpath="/entitygroups/entitygroup[@name='scoutHordeStageGS4585']"><entity name="animalAnaconda" prob="0.260"/></append>
<append xpath="/entitygroups/entitygroup[@name='scoutHordeStageGS4610']"><entity name="animalAnaconda" prob="0.261"/></append>
<append xpath="/entitygroups/entitygroup[@name='scoutHordeStageGS4635']"><entity name="animalAnaconda" prob="0.262"/></append>
<append xpath="/entitygroups/entitygroup[@name='scoutHordeStageGS4660']"><entity name="animalAnaconda" prob="0.263"/></append>
<append xpath="/entitygroups/entitygroup[@name='scoutHordeStageGS4685']"><entity name="animalAnaconda" prob="0.264"/></append>
<append xpath="/entitygroups/entitygroup[@name='scoutHordeStageGS4735']"><entity name="animalAnaconda" prob="0.265"/></append>
<append xpath="/entitygroups/entitygroup[@name='scoutHordeStageGS4760']"><entity name="animalAnaconda" prob="0.266"/></append>
<append xpath="/entitygroups/entitygroup[@name='scoutHordeStageGS4786']"><entity name="animalAnaconda" prob="0.267"/></append>
<append xpath="/entitygroups/entitygroup[@name='scoutHordeStageGS4811']"><entity name="animalAnaconda" prob="0.268"/></append>
<append xpath="/entitygroups/entitygroup[@name='scoutHordeStageGS4836']"><entity name="animalAnaconda" prob="0.269"/></append>
<append xpath="/entitygroups/entitygroup[@name='scoutHordeStageGS4862']"><entity name="animalAnaconda" prob="0.270"/></append>
<append xpath="/entitygroups/entitygroup[@name='scoutHordeStageGS4887']"><entity name="animalAnaconda" prob="0.271"/></append>
<append xpath="/entitygroups/entitygroup[@name='scoutHordeStageGS4913']"><entity name="animalAnaconda" prob="0.272"/></append>
<append xpath="/entitygroups/entitygroup[@name='scoutHordeStageGS4938']"><entity name="animalAnaconda" prob="0.273"/></append>
<append xpath="/entitygroups/entitygroup[@name='scoutHordeStageGS4964']"><entity name="animalAnaconda" prob="0.274"/></append>
<append xpath="/entitygroups/entitygroup[@name='scoutHordeStageGS4989']"><entity name="animalAnaconda" prob="0.275"/></append>
<append xpath="/entitygroups/entitygroup[@name='scoutHordeStageGS5015']"><entity name="animalAnaconda" prob="0.276"/></append>
<append xpath="/entitygroups/entitygroup[@name='scoutHordeStageGS5041']"><entity name="animalAnaconda" prob="0.277"/></append>
<append xpath="/entitygroups/entitygroup[@name='scoutHordeStageGS5066']"><entity name="animalAnaconda" prob="0.278"/></append>
<append xpath="/entitygroups/entitygroup[@name='scoutHordeStageGS5092']"><entity name="animalAnaconda" prob="0.279"/></append>
<append xpath="/entitygroups/entitygroup[@name='scoutHordeStageGS5118']"><entity name="animalAnaconda" prob="0.280"/></append>
<append xpath="/entitygroups/entitygroup[@name='scoutHordeStageGS5144']"><entity name="animalAnaconda" prob="0.281"/></append>
<append xpath="/entitygroups/entitygroup[@name='scoutHordeStageGS5170']"><entity name="animalAnaconda" prob="0.282"/></append>
<append xpath="/entitygroups/entitygroup[@name='scoutHordeStageGS5196']"><entity name="animalAnaconda" prob="0.283"/></append>
<append xpath="/entitygroups/entitygroup[@name='scoutHordeStageGS5222']"><entity name="animalAnaconda" prob="0.284"/></append>
<append xpath="/entitygroups/entitygroup[@name='scoutHordeStageGS5248']"><entity name="animalAnaconda" prob="0.285"/></append>
<append xpath="/entitygroups/entitygroup[@name='scoutHordeStageGS5274']"><entity name="animalAnaconda" prob="0.286"/></append>
<append xpath="/entitygroups/entitygroup[@name='scoutHordeStageGS5300']"><entity name="animalAnaconda" prob="0.287"/></append>
<append xpath="/entitygroups/entitygroup[@name='scoutHordeStageGS5326']"><entity name="animalAnaconda" prob="0.288"/></append>
<append xpath="/entitygroups/entitygroup[@name='scoutHordeStageGS5352']"><entity name="animalAnaconda" prob="0.289"/></append>
<append xpath="/entitygroups/entitygroup[@name='scoutHordeStageGS5379']"><entity name="animalAnaconda" prob="0.290"/></append>
<append xpath="/entitygroups/entitygroup[@name='scoutHordeStageGS5405']"><entity name="animalAnaconda" prob="0.291"/></append>
<append xpath="/entitygroups/entitygroup[@name='scoutHordeStageGS5431']"><entity name="animalAnaconda" prob="0.292"/></append>
<append xpath="/entitygroups/entitygroup[@name='scoutHordeStageGS5458']"><entity name="animalAnaconda" prob="0.293"/></append>
<append xpath="/entitygroups/entitygroup[@name='scoutHordeStageGS5484']"><entity name="animalAnaconda" prob="0.294"/></append>
<append xpath="/entitygroups/entitygroup[@name='scoutHordeStageGS5511']"><entity name="animalAnaconda" prob="0.295"/></append>
<append xpath="/entitygroups/entitygroup[@name='scoutHordeStageGS5537']"><entity name="animalAnaconda" prob="0.296"/></append>
<append xpath="/entitygroups/entitygroup[@name='scoutHordeStageGS5564']"><entity name="animalAnaconda" prob="0.297"/></append>
<append xpath="/entitygroups/entitygroup[@name='scoutHordeStageGS5590']"><entity name="animalAnaconda" prob="0.298"/></append>
<append xpath="/entitygroups/entitygroup[@name='scoutHordeStageGS5617']"><entity name="animalAnaconda" prob="0.299"/></append>
<append xpath="/entitygroups/entitygroup[@name='scoutHordeStageGS5644']"><entity name="animalAnaconda" prob="0.300"/></append>
<append xpath="/entitygroups/entitygroup[@name='scoutHordeStageGS5670']"><entity name="animalAnaconda" prob="0.301"/></append>
<append xpath="/entitygroups/entitygroup[@name='scoutHordeStageGS5697']"><entity name="animalAnaconda" prob="0.302"/></append>
<append xpath="/entitygroups/entitygroup[@name='scoutHordeStageGS5724']"><entity name="animalAnaconda" prob="0.303"/></append>
<append xpath="/entitygroups/entitygroup[@name='scoutHordeStageGS5751']"><entity name="animalAnaconda" prob="0.304"/></append>
<!-- badassHordeStages -->
<append xpath="/entitygroups/entitygroup[@name='badassHordeStageGS1']"><entity name="animalAnaconda" prob="0.001"/></append>	
<append xpath="/entitygroups/entitygroup[@name='badassHordeStageGS3']"><entity name="animalAnaconda" prob="0.002"/></append>	
<append xpath="/entitygroups/entitygroup[@name='badassHordeStageGS8']"><entity name="animalAnaconda" prob="0.003"/></append>	
<append xpath="/entitygroups/entitygroup[@name='badassHordeStageGS13']"><entity name="animalAnaconda" prob="0.004"/></append>
<append xpath="/entitygroups/entitygroup[@name='badassHordeStageGS21']"><entity name="animalAnaconda" prob="0.005"/></append>
<append xpath="/entitygroups/entitygroup[@name='badassHordeStageGS30']"><entity name="animalAnaconda" prob="0.006"/></append>
<append xpath="/entitygroups/entitygroup[@name='badassHordeStageGS40']"><entity name="animalAnaconda" prob="0.007"/></append>
<append xpath="/entitygroups/entitygroup[@name='badassHordeStageGS51']"><entity name="animalAnaconda" prob="0.008"/></append>
<append xpath="/entitygroups/entitygroup[@name='badassHordeStageGS65']"><entity name="animalAnaconda" prob="0.009"/></append>
<append xpath="/entitygroups/entitygroup[@name='badassHordeStageGS79']"><entity name="animalAnaconda" prob="0.0095"/></append>
<append xpath="/entitygroups/entitygroup[@name='badassHordeStageGS95']"><entity name="animalAnaconda" prob="0.011"/></append>	
<append xpath="/entitygroups/entitygroup[@name='badassHordeStageGS112']"><entity name="animalAnaconda" prob="0.011"/></append>
<append xpath="/entitygroups/entitygroup[@name='badassHordeStageGS130']"><entity name="animalAnaconda" prob="0.011"/></append>
<append xpath="/entitygroups/entitygroup[@name='badassHordeStageGS150']"><entity name="animalAnaconda" prob="0.012"/></append>
<append xpath="/entitygroups/entitygroup[@name='badassHordeStageGS171']"><entity name="animalAnaconda" prob="0.013"/></append>
<append xpath="/entitygroups/entitygroup[@name='badassHordeStageGS194']"><entity name="animalAnaconda" prob="0.014"/></append>
<append xpath="/entitygroups/entitygroup[@name='badassHordeStageGS217']"><entity name="animalAnaconda" prob="0.015"/></append>	
<append xpath="/entitygroups/entitygroup[@name='badassHordeStageGS242']"><entity name="animalAnaconda" prob="0.018"/></append>	
<append xpath="/entitygroups/entitygroup[@name='badassHordeStageGS268']"><entity name="animalAnaconda" prob="0.02"/></append>	
<append xpath="/entitygroups/entitygroup[@name='badassHordeStageGS296']"><entity name="animalAnaconda" prob="0.022"/></append>	
<append xpath="/entitygroups/entitygroup[@name='badassHordeStageGS325']"><entity name="animalAnaconda" prob="0.024"/></append>	
<append xpath="/entitygroups/entitygroup[@name='badassHordeStageGS355']"><entity name="animalAnaconda" prob="0.028"/></append>	
<append xpath="/entitygroups/entitygroup[@name='badassHordeStageGS386']"><entity name="animalAnaconda" prob="0.03"/></append>
<append xpath="/entitygroups/entitygroup[@name='badassHordeStageGS419']"><entity name="animalAnaconda" prob="0.032"/></append>	
<append xpath="/entitygroups/entitygroup[@name='badassHordeStageGS452']"><entity name="animalAnaconda" prob="0.034"/></append>	
<append xpath="/entitygroups/entitygroup[@name='badassHordeStageGS488']"><entity name="animalAnaconda" prob="0.036"/></append>	
<append xpath="/entitygroups/entitygroup[@name='badassHordeStageGS524']"><entity name="animalAnaconda" prob="0.038"/></append>	
<append xpath="/entitygroups/entitygroup[@name='badassHordeStageGS561']"><entity name="animalAnaconda" prob="0.039"/></append>	
<append xpath="/entitygroups/entitygroup[@name='badassHordeStageGS600']"><entity name="animalAnaconda" prob="0.04"/></append>	
<append xpath="/entitygroups/entitygroup[@name='badassHordeStageGS640']"><entity name="animalAnaconda" prob="0.042"/></append>	
<append xpath="/entitygroups/entitygroup[@name='badassHordeStageGS681']"><entity name="animalAnaconda" prob="0.044"/></append>
<append xpath="/entitygroups/entitygroup[@name='badassHordeStageGS724']"><entity name="animalAnaconda" prob="0.046"/></append>	
<append xpath="/entitygroups/entitygroup[@name='badassHordeStageGS767']"><entity name="animalAnaconda" prob="0.048"/></append>	
<append xpath="/entitygroups/entitygroup[@name='badassHordeStageGS812']"><entity name="animalAnaconda" prob="0.049"/></append>	
<append xpath="/entitygroups/entitygroup[@name='badassHordeStageGS858']"><entity name="animalAnaconda" prob="0.05"/></append>   
<append xpath="/entitygroups/entitygroup[@name='badassHordeStageGS905']"><entity name="animalAnaconda" prob="0.052"/></append>  
<append xpath="/entitygroups/entitygroup[@name='badassHordeStageGS954']"><entity name="animalAnaconda" prob="0.054"/></append>  	
<append xpath="/entitygroups/entitygroup[@name='badassHordeStageGS1003']"><entity name="animalAnaconda" prob="0.055"/></append> 		
<!-- badassOnlyHordeStages -->	
<append xpath="/entitygroups/entitygroup[@name='badassOnlyHordeStageGS1']"><entity name="animalAnaconda" prob="0.001"/></append>	
<append xpath="/entitygroups/entitygroup[@name='badassOnlyHordeStageGS3']"><entity name="animalAnaconda" prob="0.002"/></append>	
<append xpath="/entitygroups/entitygroup[@name='badassOnlyHordeStageGS8']"><entity name="animalAnaconda" prob="0.003"/></append>	
<append xpath="/entitygroups/entitygroup[@name='badassOnlyHordeStageGS13']"><entity name="animalAnaconda" prob="0.004"/></append>
<append xpath="/entitygroups/entitygroup[@name='badassOnlyHordeStageGS21']"><entity name="animalAnaconda" prob="0.005"/></append>
<append xpath="/entitygroups/entitygroup[@name='badassOnlyHordeStageGS30']"><entity name="animalAnaconda" prob="0.006"/></append>
<append xpath="/entitygroups/entitygroup[@name='badassOnlyHordeStageGS40']"><entity name="animalAnaconda" prob="0.007"/></append>
<append xpath="/entitygroups/entitygroup[@name='badassOnlyHordeStageGS51']"><entity name="animalAnaconda" prob="0.008"/></append>
<append xpath="/entitygroups/entitygroup[@name='badassOnlyHordeStageGS65']"><entity name="animalAnaconda" prob="0.009"/></append>
<append xpath="/entitygroups/entitygroup[@name='badassOnlyHordeStageGS79']"><entity name="animalAnaconda" prob="0.0095"/></append>
<append xpath="/entitygroups/entitygroup[@name='badassOnlyHordeStageGS95']"><entity name="animalAnaconda" prob="0.011"/></append>	
<append xpath="/entitygroups/entitygroup[@name='badassOnlyHordeStageGS112']"><entity name="animalAnaconda" prob="0.011"/></append>
<append xpath="/entitygroups/entitygroup[@name='badassOnlyHordeStageGS130']"><entity name="animalAnaconda" prob="0.011"/></append>
<append xpath="/entitygroups/entitygroup[@name='badassOnlyHordeStageGS150']"><entity name="animalAnaconda" prob="0.012"/></append>
<append xpath="/entitygroups/entitygroup[@name='badassOnlyHordeStageGS171']"><entity name="animalAnaconda" prob="0.013"/></append>
<append xpath="/entitygroups/entitygroup[@name='badassOnlyHordeStageGS194']"><entity name="animalAnaconda" prob="0.014"/></append>
<append xpath="/entitygroups/entitygroup[@name='badassOnlyHordeStageGS217']"><entity name="animalAnaconda" prob="0.015"/></append>	
<append xpath="/entitygroups/entitygroup[@name='badassOnlyHordeStageGS242']"><entity name="animalAnaconda" prob="0.018"/></append>	
<append xpath="/entitygroups/entitygroup[@name='badassOnlyHordeStageGS268']"><entity name="animalAnaconda" prob="0.02"/></append>	
<append xpath="/entitygroups/entitygroup[@name='badassOnlyHordeStageGS296']"><entity name="animalAnaconda" prob="0.022"/></append>	
<append xpath="/entitygroups/entitygroup[@name='badassOnlyHordeStageGS325']"><entity name="animalAnaconda" prob="0.024"/></append>	
<append xpath="/entitygroups/entitygroup[@name='badassOnlyHordeStageGS355']"><entity name="animalAnaconda" prob="0.028"/></append>	
<append xpath="/entitygroups/entitygroup[@name='badassOnlyHordeStageGS386']"><entity name="animalAnaconda" prob="0.03"/></append>
<append xpath="/entitygroups/entitygroup[@name='badassOnlyHordeStageGS419']"><entity name="animalAnaconda" prob="0.032"/></append>	
<append xpath="/entitygroups/entitygroup[@name='badassOnlyHordeStageGS452']"><entity name="animalAnaconda" prob="0.034"/></append>	
<append xpath="/entitygroups/entitygroup[@name='badassOnlyHordeStageGS488']"><entity name="animalAnaconda" prob="0.036"/></append>	
<append xpath="/entitygroups/entitygroup[@name='badassOnlyHordeStageGS524']"><entity name="animalAnaconda" prob="0.038"/></append>	
<append xpath="/entitygroups/entitygroup[@name='badassOnlyHordeStageGS561']"><entity name="animalAnaconda" prob="0.039"/></append>	
<append xpath="/entitygroups/entitygroup[@name='badassOnlyHordeStageGS600']"><entity name="animalAnaconda" prob="0.04"/></append>	
<append xpath="/entitygroups/entitygroup[@name='badassOnlyHordeStageGS640']"><entity name="animalAnaconda" prob="0.042"/></append>	
<append xpath="/entitygroups/entitygroup[@name='badassOnlyHordeStageGS681']"><entity name="animalAnaconda" prob="0.044"/></append>
<append xpath="/entitygroups/entitygroup[@name='badassOnlyHordeStageGS724']"><entity name="animalAnaconda" prob="0.046"/></append>	
<append xpath="/entitygroups/entitygroup[@name='badassOnlyHordeStageGS767']"><entity name="animalAnaconda" prob="0.048"/></append>	
<append xpath="/entitygroups/entitygroup[@name='badassOnlyHordeStageGS812']"><entity name="animalAnaconda" prob="0.049"/></append>	
<append xpath="/entitygroups/entitygroup[@name='badassOnlyHordeStageGS858']"><entity name="animalAnaconda" prob="0.05"/></append>   
<append xpath="/entitygroups/entitygroup[@name='badassOnlyHordeStageGS905']"><entity name="animalAnaconda" prob="0.052"/></append>  
<append xpath="/entitygroups/entitygroup[@name='badassOnlyHordeStageGS954']"><entity name="animalAnaconda" prob="0.054"/></append>  	
<append xpath="/entitygroups/entitygroup[@name='badassOnlyHordeStageGS1003']"><entity name="animalAnaconda" prob="0.055"/></append> 
<!-- bloodmoon horde stages -->
<append xpath="/entitygroups/entitygroup[@name='feralHordeStageGS85']"><entity name="animalAnaconda" prob="0.010"/></append>
<append xpath="/entitygroups/entitygroup[@name='feralHordeStageGS91']"><entity name="animalAnaconda" prob="0.012"/></append>
<append xpath="/entitygroups/entitygroup[@name='feralHordeStageGS97']"><entity name="animalAnaconda" prob="0.013"/></append>
<append xpath="/entitygroups/entitygroup[@name='feralHordeStageGS103']"><entity name="animalAnaconda" prob="0.014"/></append>
<append xpath="/entitygroups/entitygroup[@name='feralHordeStageGS109']"><entity name="animalAnaconda" prob="0.015"/></append>
<append xpath="/entitygroups/entitygroup[@name='feralHordeStageGS115']"><entity name="animalAnaconda" prob="0.016"/></append>
<append xpath="/entitygroups/entitygroup[@name='feralHordeStageGS121']"><entity name="animalAnaconda" prob="0.017"/></append>
<append xpath="/entitygroups/entitygroup[@name='feralHordeStageGS127']"><entity name="animalAnaconda" prob="0.018"/></append>
<append xpath="/entitygroups/entitygroup[@name='feralHordeStageGS133']"><entity name="animalAnaconda" prob="0.018"/></append>
<append xpath="/entitygroups/entitygroup[@name='feralHordeStageGS140']"><entity name="animalAnaconda" prob="0.018"/></append>
<append xpath="/entitygroups/entitygroup[@name='feralHordeStageGS147']"><entity name="animalAnaconda" prob="0.019"/></append>
<append xpath="/entitygroups/entitygroup[@name='feralHordeStageGS153']"><entity name="animalAnaconda" prob="0.020"/></append>
<append xpath="/entitygroups/entitygroup[@name='feralHordeStageGS160']"><entity name="animalAnaconda" prob="0.021"/></append>
<append xpath="/entitygroups/entitygroup[@name='feralHordeStageGS167']"><entity name="animalAnaconda" prob="0.022"/></append>
<append xpath="/entitygroups/entitygroup[@name='feralHordeStageGS174']"><entity name="animalAnaconda" prob="0.023"/></append>
<append xpath="/entitygroups/entitygroup[@name='feralHordeStageGS181']"><entity name="animalAnaconda" prob="0.024"/></append>
<append xpath="/entitygroups/entitygroup[@name='feralHordeStageGS188']"><entity name="animalAnaconda" prob="0.025"/></append>
<append xpath="/entitygroups/entitygroup[@name='feralHordeStageGS195']"><entity name="animalAnaconda" prob="0.026"/></append>
<append xpath="/entitygroups/entitygroup[@name='feralHordeStageGS202']"><entity name="animalAnaconda" prob="0.027"/></append>
<append xpath="/entitygroups/entitygroup[@name='feralHordeStageGS210']"><entity name="animalAnaconda" prob="0.028"/></append>
<append xpath="/entitygroups/entitygroup[@name='feralHordeStageGS217']"><entity name="animalAnaconda" prob="0.029"/></append>
<append xpath="/entitygroups/entitygroup[@name='feralHordeStageGS225']"><entity name="animalAnaconda" prob="0.030"/></append>
<append xpath="/entitygroups/entitygroup[@name='feralHordeStageGS232']"><entity name="animalAnaconda" prob="0.031"/></append>
<append xpath="/entitygroups/entitygroup[@name='feralHordeStageGS240']"><entity name="animalAnaconda" prob="0.032"/></append>
<append xpath="/entitygroups/entitygroup[@name='feralHordeStageGS247']"><entity name="animalAnaconda" prob="0.033"/></append>
<append xpath="/entitygroups/entitygroup[@name='feralHordeStageGS255']"><entity name="animalAnaconda" prob="0.034"/></append>
<append xpath="/entitygroups/entitygroup[@name='feralHordeStageGS263']"><entity name="animalAnaconda" prob="0.035"/></append>
<append xpath="/entitygroups/entitygroup[@name='feralHordeStageGS271']"><entity name="animalAnaconda" prob="0.036"/></append>
<append xpath="/entitygroups/entitygroup[@name='feralHordeStageGS279']"><entity name="animalAnaconda" prob="0.037"/></append>
<append xpath="/entitygroups/entitygroup[@name='feralHordeStageGS287']"><entity name="animalAnaconda" prob="0.038"/></append>
<append xpath="/entitygroups/entitygroup[@name='feralHordeStageGS295']"><entity name="animalAnaconda" prob="0.039"/></append>
<append xpath="/entitygroups/entitygroup[@name='feralHordeStageGS304']"><entity name="animalAnaconda" prob="0.040"/></append>
<append xpath="/entitygroups/entitygroup[@name='feralHordeStageGS312']"><entity name="animalAnaconda" prob="0.041"/></append>
<append xpath="/entitygroups/entitygroup[@name='feralHordeStageGS320']"><entity name="animalAnaconda" prob="0.042"/></append>
<append xpath="/entitygroups/entitygroup[@name='feralHordeStageGS329']"><entity name="animalAnaconda" prob="0.043"/></append>
<append xpath="/entitygroups/entitygroup[@name='feralHordeStageGS337']"><entity name="animalAnaconda" prob="0.044"/></append>
<append xpath="/entitygroups/entitygroup[@name='feralHordeStageGS346']"><entity name="animalAnaconda" prob="0.045"/></append>
<append xpath="/entitygroups/entitygroup[@name='feralHordeStageGS354']"><entity name="animalAnaconda" prob="0.046"/></append>
<append xpath="/entitygroups/entitygroup[@name='feralHordeStageGS363']"><entity name="animalAnaconda" prob="0.047"/></append>
<append xpath="/entitygroups/entitygroup[@name='feralHordeStageGS372']"><entity name="animalAnaconda" prob="0.048"/></append>
<append xpath="/entitygroups/entitygroup[@name='feralHordeStageGS381']"><entity name="animalAnaconda" prob="0.048"/></append>
<append xpath="/entitygroups/entitygroup[@name='feralHordeStageGS389']"><entity name="animalAnaconda" prob="0.049"/></append>
<append xpath="/entitygroups/entitygroup[@name='feralHordeStageGS398']"><entity name="animalAnaconda" prob="0.050"/></append>
<append xpath="/entitygroups/entitygroup[@name='feralHordeStageGS407']"><entity name="animalAnaconda" prob="0.051"/></append>
<append xpath="/entitygroups/entitygroup[@name='feralHordeStageGS417']"><entity name="animalAnaconda" prob="0.052"/></append>
<append xpath="/entitygroups/entitygroup[@name='feralHordeStageGS426']"><entity name="animalAnaconda" prob="0.053"/></append>
<append xpath="/entitygroups/entitygroup[@name='feralHordeStageGS435']"><entity name="animalAnaconda" prob="0.054"/></append>
<append xpath="/entitygroups/entitygroup[@name='feralHordeStageGS444']"><entity name="animalAnaconda" prob="0.055"/></append>
<append xpath="/entitygroups/entitygroup[@name='feralHordeStageGS453']"><entity name="animalAnaconda" prob="0.056"/></append>
<append xpath="/entitygroups/entitygroup[@name='feralHordeStageGS463']"><entity name="animalAnaconda" prob="0.057"/></append>
<append xpath="/entitygroups/entitygroup[@name='feralHordeStageGS472']"><entity name="animalAnaconda" prob="0.058"/></append>
<append xpath="/entitygroups/entitygroup[@name='feralHordeStageGS482']"><entity name="animalAnaconda" prob="0.059"/></append>
<append xpath="/entitygroups/entitygroup[@name='feralHordeStageGS491']"><entity name="animalAnaconda" prob="0.060"/></append>
<append xpath="/entitygroups/entitygroup[@name='feralHordeStageGS501']"><entity name="animalAnaconda" prob="0.061"/></append>
<append xpath="/entitygroups/entitygroup[@name='feralHordeStageGS510']"><entity name="animalAnaconda" prob="0.062"/></append>
<append xpath="/entitygroups/entitygroup[@name='feralHordeStageGS520']"><entity name="animalAnaconda" prob="0.063"/></append>
<append xpath="/entitygroups/entitygroup[@name='feralHordeStageGS530']"><entity name="animalAnaconda" prob="0.064"/></append>
<append xpath="/entitygroups/entitygroup[@name='feralHordeStageGS540']"><entity name="animalAnaconda" prob="0.065"/></append>
<append xpath="/entitygroups/entitygroup[@name='feralHordeStageGS550']"><entity name="animalAnaconda" prob="0.066"/></append>
<append xpath="/entitygroups/entitygroup[@name='feralHordeStageGS560']"><entity name="animalAnaconda" prob="0.067"/></append>
<append xpath="/entitygroups/entitygroup[@name='feralHordeStageGS570']"><entity name="animalAnaconda" prob="0.068"/></append>
<append xpath="/entitygroups/entitygroup[@name='feralHordeStageGS580']"><entity name="animalAnaconda" prob="0.069"/></append>
<append xpath="/entitygroups/entitygroup[@name='feralHordeStageGS590']"><entity name="animalAnaconda" prob="0.070"/></append>
<append xpath="/entitygroups/entitygroup[@name='feralHordeStageGS600']"><entity name="animalAnaconda" prob="0.071"/></append>
<append xpath="/entitygroups/entitygroup[@name='feralHordeStageGS610']"><entity name="animalAnaconda" prob="0.072"/></append>
<append xpath="/entitygroups/entitygroup[@name='feralHordeStageGS620']"><entity name="animalAnaconda" prob="0.073"/></append>
<append xpath="/entitygroups/entitygroup[@name='feralHordeStageGS631']"><entity name="animalAnaconda" prob="0.074"/></append>
<append xpath="/entitygroups/entitygroup[@name='feralHordeStageGS641']"><entity name="animalAnaconda" prob="0.075"/></append>
<append xpath="/entitygroups/entitygroup[@name='feralHordeStageGS651']"><entity name="animalAnaconda" prob="0.076"/></append>
<append xpath="/entitygroups/entitygroup[@name='feralHordeStageGS662']"><entity name="animalAnaconda" prob="0.077"/></append>
<append xpath="/entitygroups/entitygroup[@name='feralHordeStageGS672']"><entity name="animalAnaconda" prob="0.078"/></append>
<append xpath="/entitygroups/entitygroup[@name='feralHordeStageGS683']"><entity name="animalAnaconda" prob="0.079"/></append>
<append xpath="/entitygroups/entitygroup[@name='feralHordeStageGS693']"><entity name="animalAnaconda" prob="0.080"/></append>
<append xpath="/entitygroups/entitygroup[@name='feralHordeStageGS704']"><entity name="animalAnaconda" prob="0.081"/></append>
<append xpath="/entitygroups/entitygroup[@name='feralHordeStageGS715']"><entity name="animalAnaconda" prob="0.082"/></append>
<append xpath="/entitygroups/entitygroup[@name='feralHordeStageGS726']"><entity name="animalAnaconda" prob="0.083"/></append>
<append xpath="/entitygroups/entitygroup[@name='feralHordeStageGS736']"><entity name="animalAnaconda" prob="0.084"/></append>
<append xpath="/entitygroups/entitygroup[@name='feralHordeStageGS747']"><entity name="animalAnaconda" prob="0.085"/></append>
<append xpath="/entitygroups/entitygroup[@name='feralHordeStageGS758']"><entity name="animalAnaconda" prob="0.086"/></append>
<append xpath="/entitygroups/entitygroup[@name='feralHordeStageGS769']"><entity name="animalAnaconda" prob="0.087"/></append>
<append xpath="/entitygroups/entitygroup[@name='feralHordeStageGS780']"><entity name="animalAnaconda" prob="0.088"/></append>
<append xpath="/entitygroups/entitygroup[@name='feralHordeStageGS791']"><entity name="animalAnaconda" prob="0.089"/></append>
<append xpath="/entitygroups/entitygroup[@name='feralHordeStageGS802']"><entity name="animalAnaconda" prob="0.090"/></append>
<append xpath="/entitygroups/entitygroup[@name='feralHordeStageGS813']"><entity name="animalAnaconda" prob="0.091"/></append>
<append xpath="/entitygroups/entitygroup[@name='feralHordeStageGS824']"><entity name="animalAnaconda" prob="0.092"/></append>
<append xpath="/entitygroups/entitygroup[@name='feralHordeStageGS836']"><entity name="animalAnaconda" prob="0.093"/></append>
<append xpath="/entitygroups/entitygroup[@name='feralHordeStageGS847']"><entity name="animalAnaconda" prob="0.094"/></append>
<append xpath="/entitygroups/entitygroup[@name='feralHordeStageGS858']"><entity name="animalAnaconda" prob="0.095"/></append>
<append xpath="/entitygroups/entitygroup[@name='feralHordeStageGS870']"><entity name="animalAnaconda" prob="0.096"/></append>
<append xpath="/entitygroups/entitygroup[@name='feralHordeStageGS881']"><entity name="animalAnaconda" prob="0.097"/></append>
<append xpath="/entitygroups/entitygroup[@name='feralHordeStageGS893']"><entity name="animalAnaconda" prob="0.098"/></append>
<append xpath="/entitygroups/entitygroup[@name='feralHordeStageGS904']"><entity name="animalAnaconda" prob="0.099"/></append>
<append xpath="/entitygroups/entitygroup[@name='feralHordeStageGS916']"><entity name="animalAnaconda" prob="0.100"/></append>
<append xpath="/entitygroups/entitygroup[@name='feralHordeStageGS939']"><entity name="animalAnaconda" prob="0.101"/></append>
<append xpath="/entitygroups/entitygroup[@name='feralHordeStageGS951']"><entity name="animalAnaconda" prob="0.102"/></append>
<append xpath="/entitygroups/entitygroup[@name='feralHordeStageGS962']"><entity name="animalAnaconda" prob="0.103"/></append>
<append xpath="/entitygroups/entitygroup[@name='feralHordeStageGS974']"><entity name="animalAnaconda" prob="0.104"/></append>
<append xpath="/entitygroups/entitygroup[@name='feralHordeStageGS986']"><entity name="animalAnaconda" prob="0.105"/></append>
<append xpath="/entitygroups/entitygroup[@name='feralHordeStageGS998']"><entity name="animalAnaconda" prob="0.106"/></append>
<append xpath="/entitygroups/entitygroup[@name='feralHordeStageGS1010']"><entity name="animalAnaconda" prob="0.107"/></append>
<append xpath="/entitygroups/entitygroup[@name='feralHordeStageGS1022']"><entity name="animalAnaconda" prob="0.108"/></append>
<append xpath="/entitygroups/entitygroup[@name='feralHordeStageGS1034']"><entity name="animalAnaconda" prob="0.109"/></append>
<append xpath="/entitygroups/entitygroup[@name='feralHordeStageGS1046']"><entity name="animalAnaconda" prob="0.110"/></append>
<append xpath="/entitygroups/entitygroup[@name='feralHordeStageGS1058']"><entity name="animalAnaconda" prob="0.111"/></append>
<append xpath="/entitygroups/entitygroup[@name='feralHordeStageGS1070']"><entity name="animalAnaconda" prob="0.112"/></append>
<append xpath="/entitygroups/entitygroup[@name='feralHordeStageGS1082']"><entity name="animalAnaconda" prob="0.113"/></append>
<append xpath="/entitygroups/entitygroup[@name='feralHordeStageGS1094']"><entity name="animalAnaconda" prob="0.114"/></append>
<append xpath="/entitygroups/entitygroup[@name='feralHordeStageGS1106']"><entity name="animalAnaconda" prob="0.115"/></append>
<append xpath="/entitygroups/entitygroup[@name='feralHordeStageGS1119']"><entity name="animalAnaconda" prob="0.116"/></append>
<append xpath="/entitygroups/entitygroup[@name='feralHordeStageGS1131']"><entity name="animalAnaconda" prob="0.117"/></append>
<append xpath="/entitygroups/entitygroup[@name='feralHordeStageGS1143']"><entity name="animalAnaconda" prob="0.118"/></append>
<append xpath="/entitygroups/entitygroup[@name='feralHordeStageGS1156']"><entity name="animalAnaconda" prob="0.119"/></append>
<append xpath="/entitygroups/entitygroup[@name='feralHordeStageGS1168']"><entity name="animalAnaconda" prob="0.120"/></append>
<append xpath="/entitygroups/entitygroup[@name='feralHordeStageGS1181']"><entity name="animalAnaconda" prob="0.121"/></append>
<append xpath="/entitygroups/entitygroup[@name='feralHordeStageGS1193']"><entity name="animalAnaconda" prob="0.122"/></append>
<append xpath="/entitygroups/entitygroup[@name='feralHordeStageGS1206']"><entity name="animalAnaconda" prob="0.123"/></append>
<append xpath="/entitygroups/entitygroup[@name='feralHordeStageGS1218']"><entity name="animalAnaconda" prob="0.124"/></append>
<append xpath="/entitygroups/entitygroup[@name='feralHordeStageGS1231']"><entity name="animalAnaconda" prob="0.125"/></append>
<append xpath="/entitygroups/entitygroup[@name='feralHordeStageGS1244']"><entity name="animalAnaconda" prob="0.126"/></append>
<append xpath="/entitygroups/entitygroup[@name='feralHordeStageGS1256']"><entity name="animalAnaconda" prob="0.127"/></append>
<append xpath="/entitygroups/entitygroup[@name='feralHordeStageGS1269']"><entity name="animalAnaconda" prob="0.128"/></append>
<append xpath="/entitygroups/entitygroup[@name='feralHordeStageGS1282']"><entity name="animalAnaconda" prob="0.129"/></append>
<append xpath="/entitygroups/entitygroup[@name='feralHordeStageGS1295']"><entity name="animalAnaconda" prob="0.130"/></append>
<append xpath="/entitygroups/entitygroup[@name='feralHordeStageGS1308']"><entity name="animalAnaconda" prob="0.131"/></append>
<append xpath="/entitygroups/entitygroup[@name='feralHordeStageGS1321']"><entity name="animalAnaconda" prob="0.132"/></append>
<append xpath="/entitygroups/entitygroup[@name='feralHordeStageGS1334']"><entity name="animalAnaconda" prob="0.133"/></append>
<append xpath="/entitygroups/entitygroup[@name='feralHordeStageGS1347']"><entity name="animalAnaconda" prob="0.134"/></append>
<append xpath="/entitygroups/entitygroup[@name='feralHordeStageGS1360']"><entity name="animalAnaconda" prob="0.135"/></append>
<append xpath="/entitygroups/entitygroup[@name='feralHordeStageGS1373']"><entity name="animalAnaconda" prob="0.136"/></append>
<append xpath="/entitygroups/entitygroup[@name='feralHordeStageGS1386']"><entity name="animalAnaconda" prob="0.137"/></append>
<append xpath="/entitygroups/entitygroup[@name='feralHordeStageGS1399']"><entity name="animalAnaconda" prob="0.138"/></append>
<append xpath="/entitygroups/entitygroup[@name='feralHordeStageGS1412']"><entity name="animalAnaconda" prob="0.139"/></append>
<append xpath="/entitygroups/entitygroup[@name='feralHordeStageGS1425']"><entity name="animalAnaconda" prob="0.140"/></append>
<append xpath="/entitygroups/entitygroup[@name='feralHordeStageGS1439']"><entity name="animalAnaconda" prob="0.141"/></append>
<append xpath="/entitygroups/entitygroup[@name='feralHordeStageGS1452']"><entity name="animalAnaconda" prob="0.142"/></append>
<append xpath="/entitygroups/entitygroup[@name='feralHordeStageGS1465']"><entity name="animalAnaconda" prob="0.143"/></append>
<append xpath="/entitygroups/entitygroup[@name='feralHordeStageGS1479']"><entity name="animalAnaconda" prob="0.144"/></append>
<append xpath="/entitygroups/entitygroup[@name='feralHordeStageGS1492']"><entity name="animalAnaconda" prob="0.145"/></append>
<append xpath="/entitygroups/entitygroup[@name='feralHordeStageGS1506']"><entity name="animalAnaconda" prob="0.146"/></append>
<append xpath="/entitygroups/entitygroup[@name='feralHordeStageGS1519']"><entity name="animalAnaconda" prob="0.147"/></append>
<append xpath="/entitygroups/entitygroup[@name='feralHordeStageGS1533']"><entity name="animalAnaconda" prob="0.148"/></append>
<append xpath="/entitygroups/entitygroup[@name='feralHordeStageGS1546']"><entity name="animalAnaconda" prob="0.149"/></append>
<append xpath="/entitygroups/entitygroup[@name='feralHordeStageGS1560']"><entity name="animalAnaconda" prob="0.150"/></append>
<append xpath="/entitygroups/entitygroup[@name='feralHordeStageGS1573']"><entity name="animalAnaconda" prob="0.151"/></append>
<append xpath="/entitygroups/entitygroup[@name='feralHordeStageGS1587']"><entity name="animalAnaconda" prob="0.152"/></append>
<append xpath="/entitygroups/entitygroup[@name='feralHordeStageGS1601']"><entity name="animalAnaconda" prob="0.153"/></append>
<append xpath="/entitygroups/entitygroup[@name='feralHordeStageGS1614']"><entity name="animalAnaconda" prob="0.154"/></append>
<append xpath="/entitygroups/entitygroup[@name='feralHordeStageGS1628']"><entity name="animalAnaconda" prob="0.155"/></append>
<append xpath="/entitygroups/entitygroup[@name='feralHordeStageGS1642']"><entity name="animalAnaconda" prob="0.156"/></append>
<append xpath="/entitygroups/entitygroup[@name='feralHordeStageGS1656']"><entity name="animalAnaconda" prob="0.157"/></append>
<append xpath="/entitygroups/entitygroup[@name='feralHordeStageGS1670']"><entity name="animalAnaconda" prob="0.158"/></append>
<append xpath="/entitygroups/entitygroup[@name='feralHordeStageGS1684']"><entity name="animalAnaconda" prob="0.159"/></append>
<append xpath="/entitygroups/entitygroup[@name='feralHordeStageGS1698']"><entity name="animalAnaconda" prob="0.160"/></append>
<append xpath="/entitygroups/entitygroup[@name='feralHordeStageGS1712']"><entity name="animalAnaconda" prob="0.161"/></append>
<append xpath="/entitygroups/entitygroup[@name='feralHordeStageGS1726']"><entity name="animalAnaconda" prob="0.162"/></append>
<append xpath="/entitygroups/entitygroup[@name='feralHordeStageGS1740']"><entity name="animalAnaconda" prob="0.163"/></append>
<append xpath="/entitygroups/entitygroup[@name='feralHordeStageGS1754']"><entity name="animalAnaconda" prob="0.164"/></append>
<append xpath="/entitygroups/entitygroup[@name='feralHordeStageGS1768']"><entity name="animalAnaconda" prob="0.165"/></append>
<append xpath="/entitygroups/entitygroup[@name='feralHordeStageGS1782']"><entity name="animalAnaconda" prob="0.166"/></append>
<append xpath="/entitygroups/entitygroup[@name='feralHordeStageGS1796']"><entity name="animalAnaconda" prob="0.167"/></append>
<append xpath="/entitygroups/entitygroup[@name='feralHordeStageGS1811']"><entity name="animalAnaconda" prob="0.168"/></append>
<append xpath="/entitygroups/entitygroup[@name='feralHordeStageGS1825']"><entity name="animalAnaconda" prob="0.169"/></append>
<append xpath="/entitygroups/entitygroup[@name='feralHordeStageGS1839']"><entity name="animalAnaconda" prob="0.170"/></append>
<append xpath="/entitygroups/entitygroup[@name='feralHordeStageGS1853']"><entity name="animalAnaconda" prob="0.171"/></append>
<append xpath="/entitygroups/entitygroup[@name='feralHordeStageGS1868']"><entity name="animalAnaconda" prob="0.172"/></append>
<append xpath="/entitygroups/entitygroup[@name='feralHordeStageGS1882']"><entity name="animalAnaconda" prob="0.173"/></append>
<append xpath="/entitygroups/entitygroup[@name='feralHordeStageGS1897']"><entity name="animalAnaconda" prob="0.174"/></append>
<append xpath="/entitygroups/entitygroup[@name='feralHordeStageGS1911']"><entity name="animalAnaconda" prob="0.175"/></append>
<append xpath="/entitygroups/entitygroup[@name='feralHordeStageGS1926']"><entity name="animalAnaconda" prob="0.176"/></append>
<append xpath="/entitygroups/entitygroup[@name='feralHordeStageGS1940']"><entity name="animalAnaconda" prob="0.177"/></append>
<append xpath="/entitygroups/entitygroup[@name='feralHordeStageGS1955']"><entity name="animalAnaconda" prob="0.178"/></append>
<append xpath="/entitygroups/entitygroup[@name='feralHordeStageGS1969']"><entity name="animalAnaconda" prob="0.179"/></append>
<append xpath="/entitygroups/entitygroup[@name='feralHordeStageGS1984']"><entity name="animalAnaconda" prob="0.180"/></append>
<append xpath="/entitygroups/entitygroup[@name='feralHordeStageGS1999']"><entity name="animalAnaconda" prob="0.181"/></append>
<append xpath="/entitygroups/entitygroup[@name='feralHordeStageGS2013']"><entity name="animalAnaconda" prob="0.182"/></append>
<append xpath="/entitygroups/entitygroup[@name='feralHordeStageGS2028']"><entity name="animalAnaconda" prob="0.183"/></append>
<append xpath="/entitygroups/entitygroup[@name='feralHordeStageGS2043']"><entity name="animalAnaconda" prob="0.184"/></append>
<append xpath="/entitygroups/entitygroup[@name='feralHordeStageGS2058']"><entity name="animalAnaconda" prob="0.185"/></append>
<append xpath="/entitygroups/entitygroup[@name='feralHordeStageGS2073']"><entity name="animalAnaconda" prob="0.186"/></append>
<append xpath="/entitygroups/entitygroup[@name='feralHordeStageGS2087']"><entity name="animalAnaconda" prob="0.187"/></append>
<append xpath="/entitygroups/entitygroup[@name='feralHordeStageGS2102']"><entity name="animalAnaconda" prob="0.188"/></append>
<append xpath="/entitygroups/entitygroup[@name='feralHordeStageGS2117']"><entity name="animalAnaconda" prob="0.189"/></append>
<append xpath="/entitygroups/entitygroup[@name='feralHordeStageGS2132']"><entity name="animalAnaconda" prob="0.190"/></append>
<append xpath="/entitygroups/entitygroup[@name='feralHordeStageGS2147']"><entity name="animalAnaconda" prob="0.191"/></append>
<append xpath="/entitygroups/entitygroup[@name='feralHordeStageGS2162']"><entity name="animalAnaconda" prob="0.192"/></append>
<append xpath="/entitygroups/entitygroup[@name='feralHordeStageGS2177']"><entity name="animalAnaconda" prob="0.193"/></append>
<append xpath="/entitygroups/entitygroup[@name='feralHordeStageGS2192']"><entity name="animalAnaconda" prob="0.194"/></append>
<append xpath="/entitygroups/entitygroup[@name='feralHordeStageGS2207']"><entity name="animalAnaconda" prob="0.195"/></append>
<append xpath="/entitygroups/entitygroup[@name='feralHordeStageGS2223']"><entity name="animalAnaconda" prob="0.196"/></append>
<append xpath="/entitygroups/entitygroup[@name='feralHordeStageGS2238']"><entity name="animalAnaconda" prob="0.197"/></append>
<append xpath="/entitygroups/entitygroup[@name='feralHordeStageGS2253']"><entity name="animalAnaconda" prob="0.198"/></append>
<append xpath="/entitygroups/entitygroup[@name='feralHordeStageGS2268']"><entity name="animalAnaconda" prob="0.199"/></append>
<append xpath="/entitygroups/entitygroup[@name='feralHordeStageGS2284']"><entity name="animalAnaconda" prob="0.205"/></append>
<append xpath="/entitygroups/entitygroup[@name='feralHordeStageGS2299']"><entity name="animalAnaconda" prob="0.210"/></append>
<append xpath="/entitygroups/entitygroup[@name='feralHordeStageGS2314']"><entity name="animalAnaconda" prob="0.215"/></append>
<append xpath="/entitygroups/entitygroup[@name='feralHordeStageGS2330']"><entity name="animalAnaconda" prob="0.220"/></append>
<append xpath="/entitygroups/entitygroup[@name='feralHordeStageGS2345']"><entity name="animalAnaconda" prob="0.225"/></append>
<append xpath="/entitygroups/entitygroup[@name='feralHordeStageGS2360']"><entity name="animalAnaconda" prob="0.230"/></append>
<append xpath="/entitygroups/entitygroup[@name='feralHordeStageGS2376']"><entity name="animalAnaconda" prob="0.235"/></append>
<append xpath="/entitygroups/entitygroup[@name='feralHordeStageGS2391']"><entity name="animalAnaconda" prob="0.240"/></append>
<append xpath="/entitygroups/entitygroup[@name='feralHordeStageGS2407']"><entity name="animalAnaconda" prob="0.245"/></append>
<append xpath="/entitygroups/entitygroup[@name='feralHordeStageGS2423']"><entity name="animalAnaconda" prob="0.250"/></append>
<append xpath="/entitygroups/entitygroup[@name='feralHordeStageGS2438']"><entity name="animalAnaconda" prob="0.255"/></append>
<append xpath="/entitygroups/entitygroup[@name='feralHordeStageGS2454']"><entity name="animalAnaconda" prob="0.260"/></append>
<append xpath="/entitygroups/entitygroup[@name='feralHordeStageGS2469']"><entity name="animalAnaconda" prob="0.265"/></append>
<append xpath="/entitygroups/entitygroup[@name='feralHordeStageGS2485']"><entity name="animalAnaconda" prob="0.270"/></append>
<append xpath="/entitygroups/entitygroup[@name='feralHordeStageGS2501']"><entity name="animalAnaconda" prob="0.275"/></append>
<append xpath="/entitygroups/entitygroup[@name='feralHordeStageGS2517']"><entity name="animalAnaconda" prob="0.280"/></append>
<append xpath="/entitygroups/entitygroup[@name='feralHordeStageGS2532']"><entity name="animalAnaconda" prob="0.285"/></append>
<append xpath="/entitygroups/entitygroup[@name='feralHordeStageGS2548']"><entity name="animalAnaconda" prob="0.286"/></append>
<append xpath="/entitygroups/entitygroup[@name='feralHordeStageGS2564']"><entity name="animalAnaconda" prob="0.287"/></append>
<append xpath="/entitygroups/entitygroup[@name='feralHordeStageGS2580']"><entity name="animalAnaconda" prob="0.288"/></append>
<append xpath="/entitygroups/entitygroup[@name='feralHordeStageGS2596']"><entity name="animalAnaconda" prob="0.289"/></append>
<append xpath="/entitygroups/entitygroup[@name='feralHordeStageGS2612']"><entity name="animalAnaconda" prob="0.290"/></append>
<append xpath="/entitygroups/entitygroup[@name='feralHordeStageGS2628']"><entity name="animalAnaconda" prob="0.291"/></append>
<append xpath="/entitygroups/entitygroup[@name='feralHordeStageGS2644']"><entity name="animalAnaconda" prob="0.292"/></append>
<append xpath="/entitygroups/entitygroup[@name='feralHordeStageGS2660']"><entity name="animalAnaconda" prob="0.293"/></append>
<append xpath="/entitygroups/entitygroup[@name='feralHordeStageGS2676']"><entity name="animalAnaconda" prob="0.294"/></append>
<append xpath="/entitygroups/entitygroup[@name='feralHordeStageGS2692']"><entity name="animalAnaconda" prob="0.295"/></append>
<append xpath="/entitygroups/entitygroup[@name='feralHordeStageGS2708']"><entity name="animalAnaconda" prob="0.296"/></append>
<append xpath="/entitygroups/entitygroup[@name='feralHordeStageGS2724']"><entity name="animalAnaconda" prob="0.297"/></append>
<append xpath="/entitygroups/entitygroup[@name='feralHordeStageGS2740']"><entity name="animalAnaconda" prob="0.298"/></append>
<append xpath="/entitygroups/entitygroup[@name='feralHordeStageGS2756']"><entity name="animalAnaconda" prob="0.299"/></append>
<append xpath="/entitygroups/entitygroup[@name='feralHordeStageGS2772']"><entity name="animalAnaconda" prob="0.300"/></append>
<append xpath="/entitygroups/entitygroup[@name='feralHordeStageGS2789']"><entity name="animalAnaconda" prob="0.301"/></append>
<append xpath="/entitygroups/entitygroup[@name='feralHordeStageGS2805']"><entity name="animalAnaconda" prob="0.302"/></append>
<append xpath="/entitygroups/entitygroup[@name='feralHordeStageGS2821']"><entity name="animalAnaconda" prob="0.303"/></append>
<append xpath="/entitygroups/entitygroup[@name='feralHordeStageGS2838']"><entity name="animalAnaconda" prob="0.304"/></append>
<append xpath="/entitygroups/entitygroup[@name='feralHordeStageGS2854']"><entity name="animalAnaconda" prob="0.305"/></append>
<append xpath="/entitygroups/entitygroup[@name='feralHordeStageGS2870']"><entity name="animalAnaconda" prob="0.306"/></append>
<append xpath="/entitygroups/entitygroup[@name='feralHordeStageGS2887']"><entity name="animalAnaconda" prob="0.307"/></append>
<append xpath="/entitygroups/entitygroup[@name='feralHordeStageGS2903']"><entity name="animalAnaconda" prob="0.308"/></append>
<append xpath="/entitygroups/entitygroup[@name='feralHordeStageGS2920']"><entity name="animalAnaconda" prob="0.309"/></append>
<append xpath="/entitygroups/entitygroup[@name='feralHordeStageGS2936']"><entity name="animalAnaconda" prob="0.310"/></append>
<append xpath="/entitygroups/entitygroup[@name='feralHordeStageGS2953']"><entity name="animalAnaconda" prob="0.311"/></append>
<append xpath="/entitygroups/entitygroup[@name='feralHordeStageGS2969']"><entity name="animalAnaconda" prob="0.312"/></append>
<append xpath="/entitygroups/entitygroup[@name='feralHordeStageGS2986']"><entity name="animalAnaconda" prob="0.313"/></append>
<append xpath="/entitygroups/entitygroup[@name='feralHordeStageGS3003']"><entity name="animalAnaconda" prob="0.314"/></append>
<append xpath="/entitygroups/entitygroup[@name='feralHordeStageGS3019']"><entity name="animalAnaconda" prob="0.315"/></append>
<append xpath="/entitygroups/entitygroup[@name='feralHordeStageGS3036']"><entity name="animalAnaconda" prob="0.316"/></append>
<append xpath="/entitygroups/entitygroup[@name='feralHordeStageGS3053']"><entity name="animalAnaconda" prob="0.317"/></append>
<append xpath="/entitygroups/entitygroup[@name='feralHordeStageGS3069']"><entity name="animalAnaconda" prob="0.318"/></append>
<append xpath="/entitygroups/entitygroup[@name='feralHordeStageGS3086']"><entity name="animalAnaconda" prob="0.319"/></append>
<append xpath="/entitygroups/entitygroup[@name='feralHordeStageGS3103']"><entity name="animalAnaconda" prob="0.320"/></append>
<append xpath="/entitygroups/entitygroup[@name='feralHordeStageGS3120']"><entity name="animalAnaconda" prob="0.321"/></append>
<append xpath="/entitygroups/entitygroup[@name='feralHordeStageGS3136']"><entity name="animalAnaconda" prob="0.322"/></append>
<append xpath="/entitygroups/entitygroup[@name='feralHordeStageGS3153']"><entity name="animalAnaconda" prob="0.323"/></append>
<append xpath="/entitygroups/entitygroup[@name='feralHordeStageGS3170']"><entity name="animalAnaconda" prob="0.324"/></append>
<append xpath="/entitygroups/entitygroup[@name='feralHordeStageGS3187']"><entity name="animalAnaconda" prob="0.325"/></append>
<append xpath="/entitygroups/entitygroup[@name='feralHordeStageGS3204']"><entity name="animalAnaconda" prob="0.326"/></append>
<append xpath="/entitygroups/entitygroup[@name='feralHordeStageGS3221']"><entity name="animalAnaconda" prob="0.327"/></append>
<append xpath="/entitygroups/entitygroup[@name='feralHordeStageGS3238']"><entity name="animalAnaconda" prob="0.328"/></append>
<append xpath="/entitygroups/entitygroup[@name='feralHordeStageGS3255']"><entity name="animalAnaconda" prob="0.329"/></append>
<append xpath="/entitygroups/entitygroup[@name='feralHordeStageGS3272']"><entity name="animalAnaconda" prob="0.330"/></append>
<append xpath="/entitygroups/entitygroup[@name='feralHordeStageGS3289']"><entity name="animalAnaconda" prob="0.331"/></append>
<append xpath="/entitygroups/entitygroup[@name='feralHordeStageGS3306']"><entity name="animalAnaconda" prob="0.332"/></append>
<append xpath="/entitygroups/entitygroup[@name='feralHordeStageGS3324']"><entity name="animalAnaconda" prob="0.333"/></append>
<append xpath="/entitygroups/entitygroup[@name='feralHordeStageGS3341']"><entity name="animalAnaconda" prob="0.334"/></append>
<append xpath="/entitygroups/entitygroup[@name='feralHordeStageGS3358']"><entity name="animalAnaconda" prob="0.335"/></append>
<append xpath="/entitygroups/entitygroup[@name='feralHordeStageGS3375']"><entity name="animalAnaconda" prob="0.336"/></append>
<append xpath="/entitygroups/entitygroup[@name='feralHordeStageGS3392']"><entity name="animalAnaconda" prob="0.337"/></append>
<append xpath="/entitygroups/entitygroup[@name='feralHordeStageGS3410']"><entity name="animalAnaconda" prob="0.338"/></append>
<append xpath="/entitygroups/entitygroup[@name='feralHordeStageGS3427']"><entity name="animalAnaconda" prob="0.339"/></append>
<append xpath="/entitygroups/entitygroup[@name='feralHordeStageGS3444']"><entity name="animalAnaconda" prob="0.340"/></append>
<append xpath="/entitygroups/entitygroup[@name='feralHordeStageGS3462']"><entity name="animalAnaconda" prob="0.341"/></append>
<append xpath="/entitygroups/entitygroup[@name='feralHordeStageGS3479']"><entity name="animalAnaconda" prob="0.342"/></append>
<append xpath="/entitygroups/entitygroup[@name='feralHordeStageGS3496']"><entity name="animalAnaconda" prob="0.343"/></append>
<append xpath="/entitygroups/entitygroup[@name='feralHordeStageGS3514']"><entity name="animalAnaconda" prob="0.344"/></append>
<append xpath="/entitygroups/entitygroup[@name='feralHordeStageGS3531']"><entity name="animalAnaconda" prob="0.345"/></append>
<append xpath="/entitygroups/entitygroup[@name='feralHordeStageGS3549']"><entity name="animalAnaconda" prob="0.346"/></append>
<append xpath="/entitygroups/entitygroup[@name='feralHordeStageGS3566']"><entity name="animalAnaconda" prob="0.347"/></append>
<append xpath="/entitygroups/entitygroup[@name='feralHordeStageGS3584']"><entity name="animalAnaconda" prob="0.348"/></append>
<append xpath="/entitygroups/entitygroup[@name='feralHordeStageGS3601']"><entity name="animalAnaconda" prob="0.349"/></append>
<append xpath="/entitygroups/entitygroup[@name='feralHordeStageGS3619']"><entity name="animalAnaconda" prob="0.350"/></append>
<append xpath="/entitygroups/entitygroup[@name='feralHordeStageGS3637']"><entity name="animalAnaconda" prob="0.351"/></append>
<append xpath="/entitygroups/entitygroup[@name='feralHordeStageGS3654']"><entity name="animalAnaconda" prob="0.352"/></append>
<append xpath="/entitygroups/entitygroup[@name='feralHordeStageGS3672']"><entity name="animalAnaconda" prob="0.353"/></append>
<append xpath="/entitygroups/entitygroup[@name='feralHordeStageGS3690']"><entity name="animalAnaconda" prob="0.354"/></append>
<append xpath="/entitygroups/entitygroup[@name='feralHordeStageGS3707']"><entity name="animalAnaconda" prob="0.355"/></append>
<append xpath="/entitygroups/entitygroup[@name='feralHordeStageGS3725']"><entity name="animalAnaconda" prob="0.356"/></append>
<append xpath="/entitygroups/entitygroup[@name='feralHordeStageGS3743']"><entity name="animalAnaconda" prob="0.357"/></append>
<append xpath="/entitygroups/entitygroup[@name='feralHordeStageGS3761']"><entity name="animalAnaconda" prob="0.358"/></append>
<append xpath="/entitygroups/entitygroup[@name='feralHordeStageGS3779']"><entity name="animalAnaconda" prob="0.359"/></append>
<append xpath="/entitygroups/entitygroup[@name='feralHordeStageGS3796']"><entity name="animalAnaconda" prob="0.360"/></append>
<append xpath="/entitygroups/entitygroup[@name='feralHordeStageGS3814']"><entity name="animalAnaconda" prob="0.361"/></append>
<append xpath="/entitygroups/entitygroup[@name='feralHordeStageGS3832']"><entity name="animalAnaconda" prob="0.362"/></append>
<append xpath="/entitygroups/entitygroup[@name='feralHordeStageGS3850']"><entity name="animalAnaconda" prob="0.363"/></append>
<append xpath="/entitygroups/entitygroup[@name='feralHordeStageGS3868']"><entity name="animalAnaconda" prob="0.364"/></append>
<append xpath="/entitygroups/entitygroup[@name='feralHordeStageGS3886']"><entity name="animalAnaconda" prob="0.365"/></append>
<append xpath="/entitygroups/entitygroup[@name='feralHordeStageGS3904']"><entity name="animalAnaconda" prob="0.370"/></append>
<append xpath="/entitygroups/entitygroup[@name='feralHordeStageGS3922']"><entity name="animalAnaconda" prob="0.375"/></append>
<append xpath="/entitygroups/entitygroup[@name='feralHordeStageGS3940']"><entity name="animalAnaconda" prob="0.380"/></append>
<append xpath="/entitygroups/entitygroup[@name='feralHordeStageGS3958']"><entity name="animalAnaconda" prob="0.390"/></append>
<append xpath="/entitygroups/entitygroup[@name='feralHordeStageGS3976']"><entity name="animalAnaconda" prob="0.400"/></append>
<append xpath="/entitygroups/entitygroup[@name='feralHordeStageGS3995']"><entity name="animalAnaconda" prob="0.405"/></append>
<append xpath="/entitygroups/entitygroup[@name='feralHordeStageGS4013']"><entity name="animalAnaconda" prob="0.410"/></append>
<append xpath="/entitygroups/entitygroup[@name='feralHordeStageGS4031']"><entity name="animalAnaconda" prob="0.420"/></append>
<append xpath="/entitygroups/entitygroup[@name='feralHordeStageGS4049']"><entity name="animalAnaconda" prob="0.430"/></append>  
<append xpath="/entitygroups/entitygroup[@name='feralHordeStageGS4067']"><entity name="animalAnaconda" prob="0.450"/></append>
<append xpath="/entitygroups/entitygroup[@name='feralHordeStageGS4086']"><entity name="animalAnaconda" prob="0.500"/></append>															
</configs>
