<configs>

<append xpath="/items">

<item name="meleeHandAnimalAnaconda">
	<property name="Extends" value="meleeHandMaster"/>
	<property name="CreativeMode" value="None"/>
	<property name="HoldType" value="55"/>
	<property class="Action0">
		<property name="Delay" value="1.0"/>
		<property name="Range" value="4"/>
		<property name="Sphere" value="2"/>
		<property name="Block_range" value="5"/>		
		<property name="DamageEntity" value="20"/>
		<property name="DamageBlock" value="2500"/>
		<property name="Buff" value="buffInjuryBleeding"/>
		<property name="Buff_chance" value="0.5,0.5"/>
	</property>
	<effect_group name="Base Effects">
		<passive_effect name="ModSlots" operation="base_set" value="0"/>
		<!--<passive_effect name="AttacksPerMinute" operation="base_set" value="75"/>  A16 .8 -->
		<passive_effect name="BuffProcChance" operation="base_set" value="0.05" tags="buffInjuryBleeding"/>
	</effect_group>
</item>
</append>
	
</configs>