<configs>

		<append xpath="/blocks/block[@name='trapSpikesWoodMaster']">
		<property name="CanPickup" value="true"/>
		</append>
		<append xpath="/blocks/block[@name='trapSpikesScrapIronMaster']">
		<property name="CanPickup" value="true"/>
		</append>
		<append xpath="/blocks/block[@name='trapSpikesNew']">
		<property name="CanPickup" value="true"/>
		</append>
		<append xpath="/blocks/block[@name='mineCandyTin']">
		<property name="Stacknumber" value="100"/>		
		<property name="CanPickup" value="true"/>
		</append>		
		<append xpath="/blocks/block[@name='mineHubcap']">
		<property name="Stacknumber" value="100"/>		
		<property name="CanPickup" value="true"/>
		</append>
		<append xpath="/blocks/block[@name='mineAirFilter']">
		<property name="Stacknumber" value="100"/>
		<property name="CanPickup" value="true"/>
		</append>
		<append xpath="/blocks/block[@name='mineCookingPot']">
		<property name="Stacknumber" value="100"/>
		<property name="CanPickup" value="true"/>
		</append>		
		<append xpath="/blocks/block[@name='rScrapIronPlateMine']">	
		<property name="Stacknumber" value="100"/>
		<property name="CanPickup" value="true"/>
		</append>		
		
</configs>
