<configs>

<append xpath="/items">

<item name="meleeHandAnimalPup">
	<property name="Extends" value="meleeHandMaster"/>
	<property name="CreativeMode" value="None"/>
	<property name="HoldType" value="35"/>
	<property class="Action0">
		<property name="Delay" value="0.5"/> <!-- obsolete if rounds per minute exists -->
		<property name="DamageEntity" value="3"/>
		<property name="DamageBlock" value="7"/>
		<property name="Buff" value="buffInjuryBleeding,buffIllInfection0"/>
	</property>
	<effect_group name="Base Effects">
		<passive_effect name="ModSlots" operation="base_set" value="0"/>
		<!--<passive_effect name="AttacksPerMinute" operation="base_set" value="85"/>  A16 .7 -->
		<passive_effect name="DamageModifier" operation="perc_add" value="3" tags="earth"/>
		<passive_effect name="BuffProcChance" operation="base_set" value="0.50" tags="buffInjuryBleeding"/>
		<passive_effect name="BuffProcChance" operation="base_set" value="0.15" tags="buffIllInfection0"/>
	</effect_group>
</item>		

<item name="meleeHandZombieStrongFeralPuker">
	<property name="Extends" value="meleeHandMaster"/>
	<property name="CreativeMode" value="None"/>
	<property name="Degradation" value="99999" param1="true"/>
	<property class="Action0">
		<property name="Range" value="1.75"/>
		<property name="DamageEntity" value="24"/>
		<property name="DamageBlock" value="500"/>
		<property name="Buff" value="buffInjuryBleeding,buffIllInfection0,buffInjuryStunned1"/>		
	</property>
	<effect_group name="Base Effects">
		<passive_effect name="ModSlots" operation="base_set" value="0"/>
		<!--<passive_effect name="AttacksPerMinute" operation="base_set" value="75"/>  A16 .8 -->
		<passive_effect name="DamageFalloffRange" operation="base_set" value="50"/>
		<passive_effect name="BuffProcChance" operation="base_set" value="0.30" tags="buffInjuryBleeding"/>
		<passive_effect name="BuffProcChance" operation="base_set" value="0.20" tags="buffIllInfection0"/>
		<passive_effect name="BuffProcChance" operation="base_set" value="0.40" tags="buffInjuryStunned1"/>		
	</effect_group>
</item>	

<!-- Custom melees MoePuker -->
<item name="meleehandZombiePuke">
	<property name="Extends" value="meleeHandMaster"/>
	<property name="CreativeMode" value="None"/>
	<property name="Degradation" value="99999" param1="true"/>
	<property class="Action0">
		<property name="Range" value="1.75"/>
		<property name="DamageEntity" value="10"/>
		<property name="DamageBlock" value="200"/>
		<property name="Buff" value="buffInjuryBleeding,buffIllInfection0,buffInjuryStunned1"/>		
	</property>
	<effect_group name="Base Effects">
		<passive_effect name="ModSlots" operation="base_set" value="0"/>
		<!--<passive_effect name="AttacksPerMinute" operation="base_set" value="75"/>  A16 .8 -->
		<passive_effect name="DamageFalloffRange" operation="base_set" value="50"/>	
	</effect_group>
</item>	

<item name="meleehandZombieShocker">
	<property name="Extends" value="meleeHandMaster"/>
	<property name="CreativeMode" value="None"/>
	<property name="Degradation" value="99999" param1="true"/>
	<property class="Action0">
		<property name="Range" value="1.70"/>
		<property name="DamageEntity" value="13"/>
		<property name="DamageBlock" value="500"/>
		<property name="Buff" value="buffInjuryBleeding,buffInjuryStunned1,buffShocked"/>		
	</property>
	<effect_group name="Base Effects">
		<passive_effect name="ModSlots" operation="base_set" value="0"/>
		<!--<passive_effect name="AttacksPerMinute" operation="base_set" value="75"/>  A16 .8 -->
		<passive_effect name="DamageFalloffRange" operation="base_set" value="50"/>
		<passive_effect name="BuffProcChance" operation="base_set" value="0.60" tags="buffShocked"/>		
	</effect_group>
</item>

<!-- Custom melees Burningman -->
<item name="meleehandZombieBurningSpitter">
	<property name="Extends" value="meleeHandMaster"/>
	<property name="CreativeMode" value="None"/>
	<property name="Degradation" value="99999" param1="true"/>
	<property class="Action0">
		<property name="Range" value="1.75"/>
		<property name="DamageEntity" value="6"/>
		<property name="DamageBlock" value="70"/>
		<property name="Buff" value="buffInjuryBleeding,buffInjuryStunned1,buffBurningMolotov"/>		
	</property>
	<effect_group name="Base Effects">
		<passive_effect name="ModSlots" operation="base_set" value="0"/>
		<!--<passive_effect name="AttacksPerMinute" operation="base_set" value="75"/>  A16 .8 -->
		<passive_effect name="DamageFalloffRange" operation="base_set" value="50"/>
		<passive_effect name="BuffProcChance" operation="base_set" value="0.60" tags="buffBurningMolotov"/>		
	</effect_group>
</item>	

<item name="meleehandZombieBurningBoss">
	<property name="Extends" value="meleeHandMaster"/>
	<property name="CreativeMode" value="None"/>
	<property name="Degradation" value="99999" param1="true"/>
	<property class="Action0">
		<property name="Range" value="1.75"/>
		<property name="DamageEntity" value="30"/>
		<property name="DamageBlock" value="900"/>
		<property name="Buff" value="buffInjuryBleeding,buffIllInfection0,buffInjuryStunned1,buffBurningMolotov"/>		
	</property>
	<effect_group name="Base Effects">
		<passive_effect name="ModSlots" operation="base_set" value="0"/>
		<!--<passive_effect name="AttacksPerMinute" operation="base_set" value="75"/>  A16 .8 -->
		<passive_effect name="DamageFalloffRange" operation="base_set" value="50"/>
		<passive_effect name="BuffProcChance" operation="base_set" value="0.55" tags="buffBurningMolotov"/>		
	</effect_group>
</item>	

<item name="meleeHandAnimalZombieVultureBig">
	<property name="Extends" value="meleeHandMaster"/>
	<property name="CreativeMode" value="None"/>
	<property name="HoldType" value="35"/>
	<property class="Action0">
		<property name="Delay" value="0.7"/> <!-- obsolete if rounds per minute exists -->
		<property name="DamageEntity" value="35"/>
		<property name="DamageBlock" value="1500"/>
		<property name="Buff" value="buffInjuryBleeding,buffIllInfection0"/>
	</property>
	<effect_group name="Base Effects">
		<passive_effect name="ModSlots" operation="base_set" value="0"/>
		<!--<passive_effect name="AttacksPerMinute" operation="base_set" value="55"/>  A16 .7,  50=1.2 -->
		<passive_effect name="DamageFalloffRange" operation="base_set" value="50"/>	
		<passive_effect name="BuffProcChance" operation="base_set" value="0.80" tags="buffBurningMolotov"/>
		<passive_effect name="BuffProcChance" operation="base_set" value="0.10" tags="buffIllInfection0"/>
	</effect_group>
</item>

<item name="meleeHandAnimalAnaconda">
	<property name="Extends" value="meleeHandMaster"/>
	<property name="CreativeMode" value="None"/>
	<property name="HoldType" value="55"/>
	<property class="Action0">
		<property name="Delay" value="1.0"/>
		<property name="Range" value="4"/>
		<property name="Sphere" value="2"/>
		<property name="Block_range" value="5"/>		
		<property name="DamageEntity" value="40"/>
		<property name="DamageBlock" value="3900"/>
		<property name="Buff" value="buffInjuryBleeding"/>
		<property name="Buff_chance" value="0.5,0.5"/>
	</property>
	<effect_group name="Base Effects">
		<passive_effect name="ModSlots" operation="base_set" value="0"/>
		<!--<passive_effect name="AttacksPerMinute" operation="base_set" value="75"/>  A16 .8 -->
		<passive_effect name="BuffProcChance" operation="base_set" value="0.05" tags="buffInjuryBleeding"/>
	</effect_group>
</item>

<item name="meleeHandZombieScreamerBoss">
	<property name="Extends" value="meleeHandMaster"/>
	<property name="CreativeMode" value="None"/>
	<property class="Action0">
		<property name="Range" value="1.75"/>	
		<property name="DamageEntity" value="30"/>
		<property name="DamageBlock" value="1500"/>
	</property>
	<effect_group name="Base Effects">
		<passive_effect name="ModSlots" operation="base_set" value="0"/>
		<!--<passive_effect name="AttacksPerMinute" operation="base_set" value="75"/>  A16 .8 -->
		<passive_effect name="DamageFalloffRange" operation="base_set" value="50"/>
	<passive_effect name="BuffProcChance" operation="base_set" value="0.50" tags="buffInjuryBleeding"/>			
	</effect_group>
</item>

<item name="meleeHandZombieGiant">
	<property name="Extends" value="meleeHandMaster"/>
	<property name="Tags" value="blunt,melee,light"/>	
	<property name="CreativeMode" value="None"/>
	<property name="HoldType" value="9"/>
	<property name="Material" value="Morganic"/>
	<property name="Canhold" value="false"/>
	<property name="Stacknumber" value="1"/>
	<property name="Candrop" value="false"/>
	<property class="Action0"><!-- AttackAction -->
		<property name="Class" value="Melee"/>
		<property name="Delay" value="0.6"/> <!-- obsolete if rounds per minute exists -->
		<property name="Range" value="4"/> <!-- This not what "clientside melee combat" means. =) This is the adjustment afterwards due to code changes. -->
		<property name="Sphere" value="0.3"/>
		<property name="Block_range" value="5.5"/>
		<property name="DamageEntity" value="70"/>
		<property name="DamageBlock" value="15000"/>
		<property name="Sound_start" value="swoosh"/>
	</property>
	<effect_group name="Base Effects">
		<passive_effect name="DamageFalloffRange" operation="base_set" value="1.65"/>
	</effect_group>
</item>

<item name="meleehandZombieGunner">
	<property name="Extends" value="meleeHandMaster"/>
	<property name="CreativeMode" value="None"/>
	<property name="Degradation" value="99999" param1="true"/>
	<property class="Action0">
		<property name="Range" value="1.75"/>
		<property name="DamageEntity" value="18"/>
		<property name="DamageBlock" value="365"/>
		<property name="Buff" value="buffInjuryBleeding,buffIllInfection0,buffInjuryStunned1"/>		
	</property>
	<effect_group name="Base Effects">
		<passive_effect name="ModSlots" operation="base_set" value="0"/>
		<!--<passive_effect name="AttacksPerMinute" operation="base_set" value="75"/>  A16 .8 -->
		<passive_effect name="DamageFalloffRange" operation="base_set" value="50"/>
		<passive_effect name="BuffProcChance" operation="base_set" value="0.50" tags="buffInjuryBleeding"/>	
	</effect_group>
</item>	

<item name="meleehandZombieElf">
	<property name="Extends" value="meleeHandMaster"/>
	<property name="CreativeMode" value="None"/>
	<property name="Degradation" value="99999" param1="true"/>
	<property class="Action0">
		<property name="Range" value="1.75"/>
		<property name="DamageEntity" value="18"/>
		<property name="DamageBlock" value="333"/>
		<property name="Buff" value="buffInjuryBleeding,buffBurningMolotov,buffInjuryStunned1"/>		
	</property>
		<effect_group name="Base Effects">
		<passive_effect name="ModSlots" operation="base_set" value="0"/>
		<!--<passive_effect name="AttacksPerMinute" operation="base_set" value="75"/>  A16 .8 -->
		<passive_effect name="DamageFalloffRange" operation="base_set" value="50"/>
		<passive_effect name="BuffProcChance" operation="base_set" value="0.70" tags="buffBurningMolotov"/>	
	</effect_group>
</item>		
</append>
	
</configs>