<configs>
<set xpath="/entity_classes/entity_class[@name='zombieScreamer']/property[@name='SoundAlert']/@value">zombiefemalescoutalertcustom</set>

<set xpath="/entity_classes/entity_class[@name='zombieScreamer']/property[@name='SoundAttack']/@value">zombiefemalescoutattackcustom</set>

<set xpath="/entity_classes/entity_class[@name='zombieScreamer']/property[@name='SoundDeath']/@value">zombiefemalescoutdeathcustom</set>

<set xpath="/entity_classes/entity_class[@name='zombieScreamer']/property[@name='SoundRandom']/@value">zombiefemalescoutroamcustom</set>

<set xpath="/entity_classes/entity_class[@name='zombieScreamer']/property[@name='SoundSense']/@value">zombiefemalescoutsensecustom</set>

<set xpath="/entity_classes/entity_class[@name='zombieScreamerBoss']/property[@name='SoundAlert']/@value">zombiefemalescoutalertcustom</set>

<set xpath="/entity_classes/entity_class[@name='zombieScreamerBoss']/property[@name='SoundAttack']/@value">zombiefemalescoutattackcustom</set>

<set xpath="/entity_classes/entity_class[@name='zombieScreamerBoss']/property[@name='SoundDeath']/@value">zombiefemalescoutdeathcustom</set>

<set xpath="/entity_classes/entity_class[@name='zombieScreamerBoss']/property[@name='SoundRandom']/@value">zombiefemalescoutroamcustom</set>

<set xpath="/entity_classes/entity_class[@name='zombieScreamerBoss']/property[@name='SoundSense']/@value">zombiefemalescoutsensecustom</set>
</configs>
 