<configs>
<append xpath="/Sounds">
<SoundDataNode name="zombiefemalescoutalertcustom"> <AudioSource name="Sounds/AudioSource_Screamer"/>
	<AudioClip ClipName="#@modfolder:Resources/screamersounds.unity3d?zombiefemalescoutalert1"/>
	<AudioClip ClipName="#@modfolder:Resources/screamersounds.unity3d?zombiefemalescoutalert2"/>
	<AudioClip ClipName="#@modfolder:Resources/screamersounds.unity3d?zombiefemalescoutalert3"/>		
	<Channel name="Mouth"/>
	<Priority name="3"/>
  <maxVoicesPerEntity value="1"/>
	<LocalCrouchVolumeScale value="1.0"/> <CrouchNoiseScale value="0.5"/> <NoiseScale value="1"/> <MaxVoices value="10"/> <MaxRepeatRate value="3"/> 
	</SoundDataNode>
		
<SoundDataNode name="zombiefemalescoutattackcustom"> <AudioSource name="Sounds/AudioSource_Screamer"/>
	<AudioClip ClipName="#@modfolder:Resources/screamersounds.unity3d?zombiefemalescoutattack1"/>
	<AudioClip ClipName="#@modfolder:Resources/screamersounds.unity3d?zombiefemalescoutattack2"/>
	<AudioClip ClipName="#@modfolder:Resources/screamersounds.unity3d?zombiefemalescoutattack3"/>		
	<Channel name="Mouth"/>
	<Priority name="2"/>
  <maxVoicesPerEntity value="1"/>
	<LocalCrouchVolumeScale value="1.0"/> <CrouchNoiseScale value="0.5"/> <NoiseScale value="1"/> <MaxVoices value="10"/> <MaxRepeatRate value="1.8"/> 
	</SoundDataNode>
			
<SoundDataNode name="zombiefemalescoutdeathcustom"> <AudioSource name="Sounds/AudioSource_Pain"/>
	<AudioClip ClipName="#@modfolder:Resources/screamersounds.unity3d?zombiefemalescoutdeath1"/>
	<AudioClip ClipName="#@modfolder:Resources/screamersounds.unity3d?zombiefemalescoutdeath2"/>		
	<Channel name="Mouth"/>
	<Priority name="0"/>
  <maxVoicesPerEntity value="1"/>
	<LocalCrouchVolumeScale value="1.0"/> <CrouchNoiseScale value="0.5"/> <NoiseScale value="1"/> <MaxVoices value="10"/> <MaxRepeatRate value="1.111"/> 
	</SoundDataNode>

<SoundDataNode name="zombiefemalescoutroamcustom"> <AudioSource name="Sounds/AudioSource_Screamer"/>
	<AudioClip ClipName="#@modfolder:Resources/screamersounds.unity3d?zombiefemalescoutroam1"/>
	<AudioClip ClipName="#@modfolder:Resources/screamersounds.unity3d?zombiefemalescoutroam2"/>
	<AudioClip ClipName="#@modfolder:Resources/screamersounds.unity3d?zombiefemalescoutroam3"/>
	<AudioClip ClipName="#@modfolder:Resources/screamersounds.unity3d?zombiefemalescoutroam4"/>	
	<Channel name="Mouth"/>
	<Priority name="5"/>
  <maxVoicesPerEntity value="1"/>
	<LocalCrouchVolumeScale value="1.0"/> <CrouchNoiseScale value="0.5"/> <NoiseScale value="1"/> <MaxVoices value="10"/> <MaxRepeatRate value="3"/> 
	</SoundDataNode>
		
<SoundDataNode name="zombiefemalescoutsensecustom"> <AudioSource name="Sounds/AudioSource_Screamer"/>
	<AudioClip ClipName="Sounds/Enemies/Scout_Zombie/zombiefemalescoutsense1"/>
	<AudioClip ClipName="Sounds/Enemies/Scout_Zombie/zombiefemalescoutsense2"/>
	<Channel name="Mouth"/>
	<Priority name="4"/>
  <maxVoicesPerEntity value="1"/>
	<LocalCrouchVolumeScale value="1.0"/> <CrouchNoiseScale value="0.5"/> <NoiseScale value="1"/> <MaxVoices value="10"/> <MaxRepeatRate value="3"/> 
	</SoundDataNode>		
	</append>
</configs>