<configs>

<append xpath="/entity_classes">

<entity_class name="animalAnaconda" extends="animalSnake">
	<property name="Tags" value="entity,animal,hostile"/>
	<property name="EntityType" value="Animal"/>
	<property name="Class" value="EntityAnimalSnake"/>
	<property name="Parent" value="Enemies"/>
	<property name="PhysicsBody" value="snake"/>
	<property name="SizeScale" value="5.0"/>	
	<property name="Mass" value="1000"/>
	<property name="Weight" value="700"/>

	<property name="SoundHurt" value="Animals/Snake/snakepain"/>
	<property name="SoundDeath" value="Animals/Snake/snakedeath"/>
	<property name="SoundRandom" value="Animals/Snake/snakeroam"/>
	<property name="SoundSense" value="Animals/Snake/snakesense"/>
	<property name="SoundAlert" value="Animals/Snake/snakealert"/>
	<property name="SoundAttack" value="Animals/Snake/snakeattack"/>
	<property name="RootMotion" value="true"/>
	<property name="HasDeathAnim" value="true"/>

	<property class="MechanimAttackTriggers">
		<property name="state0" value="AttackTrigger"/>
	</property>
	<property class="MechanimAttackStates">
		<property name="state0" value="attack"/>
	</property>
	<property class="MechanimDeathTriggers">
		<property name="state0" value="DeathTrigger"/>
	</property>

	<!-- Gameplay -->
	<property name="MaxTurnSpeed" value="100"/>
	<property name="MoveSpeed" value="0.15"/>
	<property name="MoveSpeedAggro" value=".18, .35"/>
	<property name="MoveSpeedPanic" value="0.27"/>
	<property name="SightRange" value="150"/>		

	<property name="HandItem" value="meleeHandAnimalAnaconda"/>
	<property name="AttackTimeoutDay" value="1.5"/>
	<property name="AttackTimeoutNight" value="1.1"/>

	<property name="ExperienceGain" value="1600"/>
	<property name="DeadBodyHitPoints" value="150"/>
	<drop event="Harvest" name="foodRawMeat" count="0" tool_category="Butcher"/>
	<drop event="Harvest" name="foodRawMeat" tag="butcherHarvest" count="90"/> <!-- animalSnake -->
	<drop event="Harvest" name="resourceLeather" tag="butcherHarvest" count="40"/>

	<effect_group name="Base Effects">
		<passive_effect name="HealthMax" operation="base_set" value="900"/>
		<passive_effect name="HealthMax" operation="perc_add" value="0"/> <!-- Animal HP scale -->
	</effect_group>
</entity_class>

<entity_class name="animalZombieVultureFireBig" extends="animalZombieVultureRadiated">
	<property name="Tags" value="entity,animal,zombie,hostile,radiated"/>
	<property name="Radiated" value=""/>
	<property name="SizeScale" value="2.5"/>
	<property name="SightRange" value="150"/>	

	<property name="MoveSpeed" value=".8"/>
	<property name="MoveSpeedAggro" value="1.5, 1.6"/>
	<property name="MaxTurnSpeed" value="150"/>
	<property name="HandItem" value="meleeHandAnimalZombieVultureBig"/>	
	
	<property name="ExperienceGain" value="2000"/> <!-- XP grunt radiated -->
	<property name="DeadBodyHitPoints" value="350"/>
	<drop event="Harvest" name="foodRawMeat" count="0" tool_category="Butcher"/>
	<drop event="Harvest" name="foodRottingFlesh" tag="butcherHarvest" count="35"/> <!-- animalZombieVulture -->
	<drop event="Harvest" name="resourceFeather" tag="butcherHarvest" count="100"/>	

	<effect_group name="Base Effects">
		<passive_effect name="HealthMax" operation="base_set" value="1111"/>
		<passive_effect name="HealthMax" operation="perc_set" value="1"/> <!-- Zombie HP scale -->
		<passive_effect name="EntityDamage" operation="perc_add" value=".4"/> <!-- Feral damage -->
		<triggered_effect trigger="onOtherDamagedSelf" action="ModifyCVar" target="self" cvar="RadiatedRegenAmount" operation="set" value="4"/>
		<triggered_effect trigger="onOtherDamagedSelf" action="AddBuff" target="self" buff="buffRadiatedRegen"/>
	</effect_group>
</entity_class>


</append>

</configs>