<configs>

<append xpath="/items">

<item name="meleeHandAnimalZombieVultureBig">
	<property name="Extends" value="meleeHandMaster"/>
	<property name="CreativeMode" value="None"/>
	<property name="HoldType" value="35"/>
	<property class="Action0">
		<property name="Delay" value="0.7"/> <!-- obsolete if rounds per minute exists -->
		<property name="DamageEntity" value="20"/>
		<property name="DamageBlock" value="800"/>
		<property name="Buff" value="buffInjuryBleeding,buffIllInfection0"/>
	</property>
	<property class="Action1">
		<property name="Class" value="Vomit"/>
		<property name="Delay" value="0.5"/>
		<property name="Infinite_ammo" value="true"/>
		<property name="Magazine_items" value="ammoProjectileVultureVomitBig"/>
		<property name="Sound_warning" value="hulkvomitwarning"/>
		<property name="Sound_start" value="hulkvomitattack"/>
	</property>
	<effect_group name="Base Effects">
		<passive_effect name="ModSlots" operation="base_set" value="0"/>
		<!--<passive_effect name="AttacksPerMinute" operation="base_set" value="55"/>  A16 .7,  50=1.2 -->
		<passive_effect name="DamageFalloffRange" operation="base_set" value="50"/>
		<passive_effect name="MaxRange" operation="base_set" value="50"/>
		<passive_effect name="MagazineSize" operation="base_set" value="1"/>
		<passive_effect name="BurstRoundCount" operation="base_set" value="1"/>
		<passive_effect name="SpreadDegreesVertical" operation="base_set" value="3"/>
		<passive_effect name="SpreadDegreesHorizontal" operation="base_set" value="5"/>
		<passive_effect name="SpreadMultiplierIdle" operation="base_set" value="1"/>	
		<passive_effect name="BuffProcChance" operation="base_set" value="0.80" tags="buffBurningMolotov"/>
		<passive_effect name="BuffProcChance" operation="base_set" value="0.10" tags="buffInjuryBleeding"/>
		<passive_effect name="BuffProcChance" operation="base_set" value="0.10" tags="buffIllInfection0"/>
	</effect_group>
</item>

<item name="ammoProjectileVultureVomitBig">
	<property name="Meshfile" value="ParticleEffects/p_onFire"/>
	<property name="Material" value="Morganic"/>
	<property name="CreativeMode" value="None"/>
	<property class="Action1">
		<property name="Class" value="Projectile"/>
		<property name="DamageEntity" value="15"/>
		<property name="DamageBlock" value="900"/>
		<property name="Explosion.ParticleIndex" value="1"/>
		<property name="Explosion.RadiusBlocks" value="4"/>
		<property name="Explosion.BlockDamage" value="400"/>
		<property name="Explosion.RadiusEntities" value="4"/>
		<property name="Explosion.EntityDamage" value="60"/>
		<property name="Explosion.DamageBonus.water" value="0"/>
		<property name="Explosion.DamageBonus.earth" value="999"/>
		<property name="DamageBonus.stone" value="300"/>		
		<property name="DamageBonus.metal" value="300"/>
		<property name="DamageBonus.earth" value="350"/>		
		<property name="Velocity" value="11"/>
		<property name="FlyTime" value="14"/>
		<property name="LifeTime" value="14"/>
		<property name="CollisionRadius" value="0.5"/>
		<property name="Buff" value="buffBurningMolotov"/>
	</property>
	<effect_group name="Base Effects" tiered="false">
		<passive_effect name="DamageModifier" operation="perc_set" value="0" tags="earth"/>
		<passive_effect name="DamageModifier" operation="perc_add" value="1" tags="wood"/>		
		<passive_effect name="DamageModifier" operation="perc_add" value="1" tags="metal"/>
		<passive_effect name="BuffProcChance" operation="base_set" value="0.70" tags="buffBurningMolotov"/>	
	</effect_group>
</item>

<item name="meleeHandAnimalAnaconda">
	<property name="Extends" value="meleeHandMaster"/>
	<property name="CreativeMode" value="None"/>
	<property name="HoldType" value="55"/>
	<property class="Action0">
		<property name="Delay" value="1.0"/>
		<property name="Range" value="4"/>
		<property name="Sphere" value="2"/>
		<property name="Block_range" value="5"/>		
		<property name="DamageEntity" value="20"/>
		<property name="DamageBlock" value="2500"/>
		<property name="Buff" value="buffInjuryBleeding"/>
		<property name="Buff_chance" value="0.5,0.5"/>
	</property>
	<effect_group name="Base Effects">
		<passive_effect name="ModSlots" operation="base_set" value="0"/>
		<!--<passive_effect name="AttacksPerMinute" operation="base_set" value="75"/>  A16 .8 -->
		<passive_effect name="BuffProcChance" operation="base_set" value="0.05" tags="buffInjuryBleeding"/>
	</effect_group>
</item>
</append>
	
</configs>