<configs>
<set xpath="/entity_classes/entity_class[@name='zombieTemplateMale']/property[@name='MoveSpeedAggro']/@value">0.05, 0.06</set>
<set xpath="/entity_classes/entity_class[@name='zombieTemplateMale']/property[@name='MoveSpeed']/@value">0.05</set>
<set xpath="/entity_classes/entity_class[@name='zombieTemplateMale']/property[@name='MoveSpeedPanic']/@value">0.05</set>
<set xpath="/entity_classes/entity_class[@name='zombieFootballPlayer']/property[@name='MoveSpeedAggro']/@value">0.05, 0.06</set>
<set xpath="/entity_classes/entity_class[@name='zombieFootballPlayer']/property[@name='MoveSpeed']/@value">0.05</set>
<set xpath="/entity_classes/entity_class[@name='zombieArleneFeral']/property[@name='MoveSpeedAggro']/@value">0.05, 0.06</set>
<set xpath="/entity_classes/entity_class[@name='zombieArleneRadiated']/property[@name='MoveSpeedAggro']/@value">0.05, 0.06</set>
<set xpath="/entity_classes/entity_class[@name='zombieBikerFeral']/property[@name='MoveSpeedAggro']/@value">0.05, 0.06</set>
<set xpath="/entity_classes/entity_class[@name='zombieBoeFeral']/property[@name='MoveSpeedAggro']/@value">0.05, 0.06</set>
<set xpath="/entity_classes/entity_class[@name='zombieBusinessManFeral']/property[@name='MoveSpeedAggro']/@value">0.05, 0.06</set>
<set xpath="/entity_classes/entity_class[@name='zombieCheerleaderFeral']/property[@name='MoveSpeedAggro']/@value">0.05, 0.06</set>
<set xpath="/entity_classes/entity_class[@name='zombieDarleneFeral']/property[@name='MoveSpeedAggro']/@value">0.05, 0.06</set>
<set xpath="/entity_classes/entity_class[@name='zombieFarmerFeral']/property[@name='MoveSpeedAggro']/@value">0.05, 0.06</set>
<set xpath="/entity_classes/entity_class[@name='zombieFatCopFeral']/property[@name='MoveSpeedAggro']/@value">0.05, 0.06</set>
<set xpath="/entity_classes/entity_class[@name='zombieFatHawaiianFeral']/property[@name='MoveSpeedAggro']/@value">0.05, 0.06</set>
<set xpath="/entity_classes/entity_class[@name='zombieFemaleFatFeral']/property[@name='MoveSpeedAggro']/@value">0.05, 0.06</set>
<set xpath="/entity_classes/entity_class[@name='zombieJoeFeral']/property[@name='MoveSpeedAggro']/@value">0.05, 0.06</set>
<set xpath="/entity_classes/entity_class[@name='zombieJoeRadiated']/property[@name='MoveSpeedAggro']/@value">0.05, 0.06</set>
<set xpath="/entity_classes/entity_class[@name='zombieLabFeral']/property[@name='MoveSpeedAggro']/@value">0.05, 0.06</set>
<set xpath="/entity_classes/entity_class[@name='zombieLabRadiated']/property[@name='MoveSpeedAggro']/@value">0.05, 0.06</set>
<set xpath="/entity_classes/entity_class[@name='zombieMarleneFeral']/property[@name='MoveSpeedAggro']/@value">0.05, 0.06</set>
<set xpath="/entity_classes/entity_class[@name='zombieMoeFeral']/property[@name='MoveSpeedAggro']/@value">0.05, 0.06</set>
<set xpath="/entity_classes/entity_class[@name='zombieNurseFeral']/property[@name='MoveSpeedAggro']/@value">0.05, 0.06</set>
<set xpath="/entity_classes/entity_class[@name='zombieOldTimerFeral']/property[@name='MoveSpeedAggro']/@value">0.05, 0.06</set>
<set xpath="/entity_classes/entity_class[@name='zombieScreamerFeral']/property[@name='MoveSpeedAggro']/@value">0.05, 0.06</set>
<set xpath="/entity_classes/entity_class[@name='zombieScreamerRadiated']/property[@name='MoveSpeedAggro']/@value">0.05, 0.06</set>
<set xpath="/entity_classes/entity_class[@name='zombieSoldierFeral']/property[@name='MoveSpeedAggro']/@value">0.05, 0.06</set>
<set xpath="/entity_classes/entity_class[@name='zombieSoldierRadiated']/property[@name='MoveSpeedAggro']/@value">0.05, 0.06</set>
<set xpath="/entity_classes/entity_class[@name='zombieSkateboarderFeral']/property[@name='MoveSpeedAggro']/@value">0.05, 0.06</set>
<set xpath="/entity_classes/entity_class[@name='zombieSnowFeral']/property[@name='MoveSpeedAggro']/@value">0.05, 0.06</set>
<set xpath="/entity_classes/entity_class[@name='zombieSpiderFeral']/property[@name='MoveSpeedAggro']/@value">0.05, 0.06</set>
<set xpath="/entity_classes/entity_class[@name='zombieSteveFeral']/property[@name='MoveSpeedAggro']/@value">0.05, 0.06</set>
<set xpath="/entity_classes/entity_class[@name='zombieStripperFeral']/property[@name='MoveSpeedAggro']/@value">0.05, 0.06</set>
<set xpath="/entity_classes/entity_class[@name='zombieUtilityWorkerFeral']/property[@name='MoveSpeedAggro']/@value">0.05, 0.06</set>
<set xpath="/entity_classes/entity_class[@name='zombieWightFeral']/property[@name='MoveSpeedAggro']/@value">0.05, 0.06</set>
<set xpath="/entity_classes/entity_class[@name='zombieYoFeral']/property[@name='MoveSpeedAggro']/@value">0.05, 0.06</set>
</configs>







